Top pages,Clicks,Impressions,CTR,Position
https://www.fleafind.ch/de/schweiz/luzern,417,8699,4.79%,7.47
https://www.fleafind.ch/de/schweiz/zuerich,334,9540,3.5%,11.86
https://www.fleafind.ch/de/schweiz/winterthur/samstag,157,5479,2.87%,8.2
https://www.fleafind.ch/de/schweiz/basel/dieses-wochenende,147,894,16.44%,11.31
https://www.fleafind.ch/de/markt/flohmarkt-mosergarten-schaffhausen,134,1866,7.18%,5.9
https://www.fleafind.ch/de/schweiz/basel,127,6018,2.11%,15.45
https://www.fleafind.ch/de/schweiz/bern/sonntag,120,3583,3.35%,10.47
https://www.fleafind.ch/de/markt/flohmarkt-petersplatz-basel,83,6994,1.19%,9.8
https://www.fleafind.ch/de/schweiz/zuerich/samstag,75,2327,3.22%,13.7
https://www.fleafind.ch/en/schweiz/lausanne,75,1274,5.89%,11.72
https://www.fleafind.ch/de/schweiz/lausanne,75,674,11.13%,7.88
https://www.fleafind.ch/de/markt/flohmarkt-am-see-wollishofen-zuerich/2026-07-05,69,725,9.52%,5.52
https://www.fleafind.ch/de/markt/flohmarkt-rathausplatz-wettingen,67,2662,2.52%,5.83
https://www.fleafind.ch/de/markt/flohmarkt-muensterplatz-bern,65,922,7.05%,10.71
https://www.fleafind.ch/de/markt/nerdyartist-markthalle-basel,57,213,26.76%,6.65
https://www.fleafind.ch/de/markt/floh-troedlermarkt-winterthur-altstadt,53,3064,1.73%,9.86
https://www.fleafind.ch/de/schweiz/bern/samstag,51,1227,4.16%,13.53
https://www.fleafind.ch/en/schweiz/zuerich,47,2734,1.72%,9.51
https://www.fleafind.ch/en/schweiz/zuerich/this-weekend,46,645,7.13%,12.1
https://www.fleafind.ch/fr/markt/vide-dressing-flon-lausanne,44,845,5.21%,6.57
https://www.fleafind.ch/en,40,1540,2.6%,12.2
https://www.fleafind.ch/de/maerkte/2026-05-14,35,152,23.03%,4.19
https://www.fleafind.ch/de/markt/flohmarkt-seeplatz-waedenswil/2026-07-11,32,2036,1.57%,6.88
https://www.fleafind.ch/de/schweiz/st-gallen,32,1516,2.11%,16.95
https://www.fleafind.ch/de/markt/flosch-schwamendingen-zuerich/2026-07-25,30,398,7.54%,4.22
https://www.fleafind.ch/de/markt/floh-raritaetenmarkt-europaplatz-bern,27,1432,1.89%,9.19
https://www.fleafind.ch/de/maerkte/dimanche,27,174,15.52%,13.7
https://www.fleafind.ch/de/markt/flohmarkt-dampfzentrale-bern/2026-09-27,25,3265,0.77%,6.95
https://www.fleafind.ch/fr/schweiz/basel,25,736,3.4%,10.36
https://www.fleafind.ch/de/maerkte/2026-07-25,25,106,23.58%,6.13
https://www.fleafind.ch/de/markt/flohmarkt-kanzlei-zuerich/2026-08-01,22,185,11.89%,4.96
https://www.fleafind.ch/de/maerkte/juni-2026,21,477,4.4%,8.47
https://www.fleafind.ch/de/markt/flohmarkt-gallusplatz-stgallen,20,745,2.68%,10.32
https://www.fleafind.ch/fr/markt/vide-grenier-place-de-milan-lausanne,20,600,3.33%,5.01
https://www.fleafind.ch/en/schweiz/nyon,19,346,5.49%,9.88
https://www.fleafind.ch/de/markt/flohmarkt-am-see-wollishofen-zuerich/2026-06-07,18,474,3.8%,7.9
https://www.fleafind.ch/fr/markt/marche-calabash-lausanne/2026-08-02,18,398,4.52%,6.1
https://www.fleafind.ch/de/markt/flohmarkt-vogesenplatz-basel,18,397,4.53%,23.63
https://www.fleafind.ch/de/schweiz/schaffhausen/dieses-wochenende,17,199,8.54%,24.94
https://www.fleafind.ch/de,16,922,1.74%,35.81
https://www.fleafind.ch/de/markt/floh-und-antiquitaetenmarkt-mellingen/2026-05-17,16,765,2.09%,7.7
https://www.fleafind.ch/de/markt/flohmarkt-gallusplatz-stgallen/2026-08-01,16,214,7.48%,4
https://www.fleafind.ch/de/maerkte/2026-06-14,16,111,14.41%,6.8
https://www.fleafind.ch/en/schweiz/luzern,15,769,1.95%,8.52
https://www.fleafind.ch/it/schweiz/lausanne,15,166,9.04%,22.19
https://www.fleafind.ch/fr/schweiz/lausanne/samedi,14,873,1.6%,11.72
https://www.fleafind.ch/fr/markt/coffre-ouvert-villeneuve,14,466,3%,7.48
https://www.fleafind.ch/fr/markt/marche-calabash-lausanne/2026-07-05,14,426,3.29%,4.96
https://www.fleafind.ch/en/markt/marches-tunnel-lausanne,13,502,2.59%,10.86
https://www.fleafind.ch/de/markt/flohmarkt-am-see-wollishofen-zuerich,13,445,2.92%,10.02
https://www.fleafind.ch/de/markt/flohmarkt-buerkliplatz-zuerich/2026-05-16,13,138,9.42%,8.19
https://www.fleafind.ch/en/markt/marche-aux-puces-plainpalais-geneve-mittwoch/2026-07-22,12,608,1.97%,3.1
https://www.fleafind.ch/it/markt/mercatino-usato-paradiso-lugano,12,167,7.19%,7.83
https://www.fleafind.ch/de/markt/flohmarkt-petersplatz-basel/2026-05-16,12,166,7.23%,3.67
https://www.fleafind.ch/de/maerkte/2026-07-25/bern,12,103,11.65%,6.46
https://www.fleafind.ch/fr/markt/brocante-de-carouge-geneve,11,786,1.4%,10.58
https://www.fleafind.ch/de/markt/chilbi-flohmarkt-europaplatz-bern/2026-08-23,11,345,3.19%,8.06
https://www.fleafind.ch/de/maerkte/2026-07-05,11,101,10.89%,5.38
https://www.fleafind.ch/de/maerkte/2026-07-25/zuerich,11,67,16.42%,5.16
https://www.fleafind.ch/fr/schweiz/nyon,10,661,1.51%,10.91
https://www.fleafind.ch/de/schweiz/st-gallen/samstag,10,361,2.77%,14.39
https://www.fleafind.ch/de/schweiz/zuerich/dieses-wochenende,10,158,6.33%,16.85
https://www.fleafind.ch/de/markt/flohmarkt-buerkliplatz-zuerich/2026-06-06,10,89,11.24%,4.13
https://www.fleafind.ch/en/markt/flohmarkt-petersplatz-basel,9,642,1.4%,9.37
https://www.fleafind.ch/en/schweiz/geneve/saturday,9,286,3.15%,10.37
https://www.fleafind.ch/de/markt/flohmarkt-gallusplatz-stgallen/2026-06-06,8,152,5.26%,6.04
https://www.fleafind.ch/fr/markt/marche-aux-puces-fribourg,8,104,7.69%,6.23
https://www.fleafind.ch/en/markt/slow-fashion-market-lausanne,8,63,12.7%,10
https://www.fleafind.ch/fr/markt/marche-aux-puces-plainpalais-geneve-samstag/2026-06-13,8,48,16.67%,5.58
https://www.fleafind.ch/de/schweiz/baden,7,831,0.84%,11.81
https://www.fleafind.ch/en/schweiz/basel,7,427,1.64%,8.48
https://www.fleafind.ch/de/markt/strandgut-flohmarkt-neubad-luzern,7,377,1.86%,9.25
https://www.fleafind.ch/fr/markt/coffre-ouvert-villeneuve/2026-07-11,7,292,2.4%,6.76
https://www.fleafind.ch/en/maerkte/wochenende/bern,7,140,5%,7.02
https://www.fleafind.ch/de/markt/flosch-schwamendingen-zuerich/2026-06-06,7,120,5.83%,6.47
https://www.fleafind.ch/fr/schweiz/lugano/samedi,7,59,11.86%,7.98
https://www.fleafind.ch/de/maerkte/2026-07-04,7,47,14.89%,7.34
https://www.fleafind.ch/de/markt/flohmarkt-kanzlei-zuerich/2026-05-23,7,26,26.92%,3.65
https://www.fleafind.ch/de/markt/flosch-schwamendingen-zuerich/2026-10-31,6,335,1.79%,7.95
https://www.fleafind.ch/fr/schweiz/bern,6,172,3.49%,14.63
https://www.fleafind.ch/de/markt/flohmarkt-gallusplatz-stgallen/2026-07-04,6,120,5%,8.46
https://www.fleafind.ch/en/markt/floh-und-antiquitaetenmarkt-schadaumaerit-thun/2026-07-19,6,106,5.66%,6.71
https://www.fleafind.ch/de/maerkte/wochenende,6,99,6.06%,7.94
https://www.fleafind.ch/en/markt/flohmarkt-kanzlei-zuerich/2026-07-18,6,84,7.14%,4.27
https://www.fleafind.ch/en/markt/flohmarkt-kanzlei-zuerich/2026-08-01,6,80,7.5%,5.49
https://www.fleafind.ch/de/maerkte/wochenende/st-gallen,6,79,7.59%,9.3
https://www.fleafind.ch/de/markt/fundus-flohmarkt-arena-root/2026-08-16,6,72,8.33%,6.79
https://fleafind.ch/de/markt/flohmarkt-buerkliplatz-zuerich/2026-06-20,6,52,11.54%,3.81
https://www.fleafind.ch/de/markt/flohmarkt-barfuesserplatz-basel,5,551,0.91%,18.35
https://www.fleafind.ch/de/schweiz/chur/samstag,5,246,2.03%,8.47
https://www.fleafind.ch/fr/markt/marches-tunnel-lausanne-samedi/2026-08-01,5,151,3.31%,5.25
https://www.fleafind.ch/de/markt/flohmarkt-chilbiplatz-duebendorf/2026-09-26,5,135,3.7%,8.34
https://www.fleafind.ch/de/schweiz/luzern/dieses-wochenende,5,124,4.03%,13.41
https://www.fleafind.ch/de/markt/flohmarkt-aarau/2026-08-01,5,118,4.24%,7.93
https://www.fleafind.ch/en/markt/flohmarkt-petersplatz-basel/2026-08-01,5,104,4.81%,5.19
https://www.fleafind.ch/de/markt/vinyl-market-markthalle-basel,5,96,5.21%,23.79
https://www.fleafind.ch/fr/schweiz/baden/samedi,5,94,5.32%,9.99
https://www.fleafind.ch/de/markt/flohmi-am-see-bern/2026-08-23,5,92,5.43%,5.55
https://www.fleafind.ch/de/markt/floh-troedlermarkt-winterthur-altstadt/2026-05-30,5,83,6.02%,5.93
https://www.fleafind.ch/de/markt/flohmarkt-petersplatz-basel/2026-08-01,5,72,6.94%,3.75
https://www.fleafind.ch/de/markt/kinderflohmarkt-gz-heuried,5,72,6.94%,10.69
https://www.fleafind.ch/de/maerkte/samedi/aarau,5,64,7.81%,12.73
https://www.fleafind.ch/de/markt/flohmarkt-buerkliplatz-zuerich/2026-07-11,5,59,8.47%,3.42
https://www.fleafind.ch/en/maerkte/2026-08-01,5,57,8.77%,8.44
https://www.fleafind.ch/fr/markt/vide-grenier-sallaz-lausanne,5,56,8.93%,22.21
https://www.fleafind.ch/de/markt/floh-und-antikmarkt-wynecenter-buchs/2026-06-07,5,55,9.09%,11.22
https://www.fleafind.ch/de/markt/flohmarkt-buerkliplatz-zuerich/2026-07-25,5,53,9.43%,6.4
https://www.fleafind.ch/fr/markt/flohmarkt-dampfzentrale-bern,5,25,20%,5.32
https://www.fleafind.ch/fr/schweiz/nyon/dimanche,4,1500,0.27%,10.05
https://www.fleafind.ch/de/markt/flohmarkt-rueticenter-pratteln,4,430,0.93%,9.91
https://www.fleafind.ch/en/markt/vide-grenier-place-de-milan-lausanne,4,297,1.35%,7.59
https://www.fleafind.ch/en/schweiz,4,288,1.39%,27
https://www.fleafind.ch/it/schweiz/lugano,4,194,2.06%,17.1
https://www.fleafind.ch/de/maerkte/heute/st-gallen,4,182,2.2%,21.92
https://www.fleafind.ch/fr/markt/marche-calabash-lausanne/2026-06-07,4,177,2.26%,5.9
https://www.fleafind.ch/de/schweiz/basel/sonntag,4,137,2.92%,11.5
https://www.fleafind.ch/de/markt/flohmarkt-dampfzentrale-bern/2026-05-31,4,123,3.25%,6.39
https://www.fleafind.ch/de/schweiz/thun/sonntag,4,123,3.25%,9.65
https://www.fleafind.ch/de/markt/gaenggali-markt-chur/2026-08-01,4,120,3.33%,6.03
https://www.fleafind.ch/de/schweiz/uster,4,118,3.39%,10.56
https://www.fleafind.ch/de/markt/flohmarkt-adliswil/2026-09-26,4,93,4.3%,5.57
https://www.fleafind.ch/de/schweiz/schaffhausen/samstag,4,93,4.3%,10.43
https://www.fleafind.ch/de/schweiz/schaffhausen/sonntag,4,84,4.76%,10.04
https://www.fleafind.ch/de/maerkte/wochenende/bern,4,76,5.26%,23.28
https://www.fleafind.ch/de/markt/flohmarkt-kanzlei-zuerich/2026-05-16,4,75,5.33%,5.37
https://www.fleafind.ch/en/markt/flohmarkt-adliswil,4,74,5.41%,7.85
https://www.fleafind.ch/en/markt/floh-und-antiquitaetenmarkt-mellingen,4,58,6.9%,7.09
https://www.fleafind.ch/de/markt/flosch-schwamendingen-zuerich/2026-05-30,4,48,8.33%,4.88
https://www.fleafind.ch/de/markt/floh-troedlermarkt-winterthur-altstadt/2026-05-09,4,41,9.76%,4.46
https://www.fleafind.ch/de/schweiz/lausanne/samstag,4,38,10.53%,7.66
https://www.fleafind.ch/de/markt/flohmarkt-muensterplatz-bern/2026-05-16,4,33,12.12%,5.48
https://www.fleafind.ch/de/maerkte/2026-07-25?city=bern,4,30,13.33%,9.7
https://www.fleafind.ch/en/markt/fundus-flohmarkt-arena-root,4,28,14.29%,5.96
https://www.fleafind.ch/fr/schweiz/thun/dimanche,4,24,16.67%,6.67
https://www.fleafind.ch/de/markt/flohmarkt-vogesenplatz-basel/2026-08-01,4,21,19.05%,4.67
https://www.fleafind.ch/it/maerkte/2026-05-14,4,18,22.22%,4.61
https://www.fleafind.ch/it/markt/les-puces-du-cpo-lausanne,4,15,26.67%,5.4
https://www.fleafind.ch/fr/schweiz/winterthur/samedi,4,13,30.77%,5.23
https://www.fleafind.ch/en/markt/plainpalais-geneve,3,478,0.63%,8.75
https://www.fleafind.ch/de/markt/flohmarkt-am-see-wollishofen-zuerich/2026-08-02,3,245,1.22%,8.66
https://www.fleafind.ch/de/markt/flohmarkt-kanzlei-zuerich/2026-07-25,3,178,1.69%,8.13
https://www.fleafind.ch/en/maerkte/wochenende,3,144,2.08%,5.11
https://www.fleafind.ch/fr/schweiz/geneve/ce-week-end,3,138,2.17%,19.74
https://www.fleafind.ch/de/markt/flohmi-schmittiplatz-pratteln,3,132,2.27%,12.64
https://www.fleafind.ch/en/schweiz/bern/sunday,3,124,2.42%,7.33
https://www.fleafind.ch/de/markt/flohmarkt-lenzburg-metzgplatz,3,96,3.12%,7.62
https://www.fleafind.ch/de/markt/flohmarkt-theaterplatz-baden/2026-05-16,3,92,3.26%,7.55
https://www.fleafind.ch/de/markt/luzerner-flohmarkt-voegeligaertli/2026-07-04,3,90,3.33%,6.19
https://www.fleafind.ch/fr/markt/brocante-de-rive-nyon,3,89,3.37%,13.69
https://www.fleafind.ch/en/markt/flohmarkt-winterthur-altstadt/2026-07-11,3,84,3.57%,6.12
https://www.fleafind.ch/de/markt/flohmarkt-petersplatz-basel/2026-05-23,3,78,3.85%,5.54
https://www.fleafind.ch/it/schweiz/geneve,3,75,4%,9.52
https://www.fleafind.ch/en/markt/flohmarkt-zofingen/2026-06-13,3,72,4.17%,8.24
https://www.fleafind.ch/de/markt/nachtflohmarkt-markthalle-basel,3,70,4.29%,8.87
https://www.fleafind.ch/en/schweiz/bern/this-weekend,3,65,4.62%,14.46
https://www.fleafind.ch/en/schweiz/aarau,3,55,5.45%,7.96
https://www.fleafind.ch/de/schweiz/vevey/samstag,3,54,5.56%,8.94
https://www.fleafind.ch/de/markt/flohmarkt-muensterplatz-bern/2026-07-18,3,51,5.88%,3.41
https://www.fleafind.ch/de/markt/flohmarkt-kanzlei-zuerich/2026-05-09,3,45,6.67%,4
https://www.fleafind.ch/en/markt/vide-dressing-flon-lausanne,3,41,7.32%,5.8
https://www.fleafind.ch/en/maerkte/2026-06-14,3,39,7.69%,7.08
https://www.fleafind.ch/de/schweiz/lausanne/sonntag,3,38,7.89%,6.5
https://www.fleafind.ch/en/schweiz/thun/sunday,3,38,7.89%,7.32
https://www.fleafind.ch/en/markt/fundus-flohmarkt-arena-root/2026-07-19,3,36,8.33%,4.61
https://www.fleafind.ch/en/maerkte/heute,3,36,8.33%,9.47
https://www.fleafind.ch/de/markt/flohmarkt-lenzburg-metzgplatz/2026-06-27,3,35,8.57%,4.43
https://www.fleafind.ch/fr/markt/brocante-17-terra-geneve/2026-06-06,3,34,8.82%,4.32
https://www.fleafind.ch/fr/markt/brocante-de-carouge-geneve/2026-08-02,3,33,9.09%,2.97
https://www.fleafind.ch/de/markt/flohmarkt-dampfzentrale-bern/2026-07-26,3,30,10%,5.3
https://www.fleafind.ch/de/markt/nachtflohmarkt-markthalle-basel/2026-06-06,3,27,11.11%,6.07
https://www.fleafind.ch/fr/maerkte/2026-08-01,3,22,13.64%,6.14
https://www.fleafind.ch/fr/maerkte/wochenende,3,21,14.29%,12.86
https://www.fleafind.ch/de/markt/rosenhof-markt-zuerich/2026-08-01,3,19,15.79%,5.74
https://www.fleafind.ch/fr/markt/marche-aux-puces-plainpalais-geneve-samstag/2026-05-09,3,16,18.75%,4.06
https://www.fleafind.ch/de/schweiz/nyon/sonntag,3,16,18.75%,5.62
https://www.fleafind.ch/fr/markt/flohmarkt-muensterplatz-bern,3,13,23.08%,5.08
https://www.fleafind.ch/it/maerkte/sunday,3,13,23.08%,5.15
https://www.fleafind.ch/de/markt/flohmarkt-dampfzentrale-bern,2,270,0.74%,7.62
https://www.fleafind.ch/de/markt/nostalgie-flohmarkt-worb-bern/2026-07-12,2,268,0.75%,5.94
https://www.fleafind.ch/de/markt/nostalgie-flohmarkt-worb-bern/2026-10-11,2,264,0.76%,5.16
https://www.fleafind.ch/en/schweiz/baden/this-weekend,2,228,0.88%,15.29
https://www.fleafind.ch/de/markt/flohmarkt-rueticenter-pratteln/2026-09-06,2,210,0.95%,9.01
https://www.fleafind.ch/de/maerkte/heute/zuerich,2,198,1.01%,39.83
https://www.fleafind.ch/de/markt/flohmarkt-theaterplatz-baden,2,183,1.09%,8.68
https://www.fleafind.ch/de/markt/chilbi-flohmarkt-europaplatz-bern,2,173,1.16%,16.92
https://www.fleafind.ch/en/schweiz/winterthur/this-weekend,2,160,1.25%,23.62
https://www.fleafind.ch/fr/markt/coffre-ouvert-villeneuve/2026-08-29,2,134,1.49%,6.71
https://www.fleafind.ch/de/markt/floh-und-antiquitaetenmarkt-mellingen/2026-09-13,2,124,1.61%,8.01
https://www.fleafind.ch/de/markt/luzerner-flohmarkt-voegeligaertli/2026-07-25,2,109,1.83%,7.22
https://www.fleafind.ch/fr/markt/les-puces-du-cpo-lausanne,2,106,1.89%,6.88
https://www.fleafind.ch/en/markt/flohmarkt-mosergarten-schaffhausen/2026-08-01,2,103,1.94%,7.75
https://www.fleafind.ch/de/markt/floh-und-antiquitaetenmarkt-mellingen,2,93,2.15%,14.15
https://www.fleafind.ch/de/schweiz/st-gallen/sonntag,2,91,2.2%,21.82
https://www.fleafind.ch/de/markt/strandgut-flohmarkt-neubad-luzern/2026-08-02,2,87,2.3%,11.89
https://www.fleafind.ch/de/maerkte/naechste-woche/schaffhausen,2,84,2.38%,9.13
https://www.fleafind.ch/en/markt/flohmarkt-dampfzentrale-bern/2026-05-31,2,83,2.41%,9.02
https://www.fleafind.ch/en/markt/flohmarkt-buerkliplatz-zuerich/2026-05-09,2,82,2.44%,5.54
https://www.fleafind.ch/en/schweiz/nyon/sunday,2,81,2.47%,8.49
https://www.fleafind.ch/de/markt/gaenggali-markt-chur,2,77,2.6%,8.01
https://www.fleafind.ch/de/markt/ladies-flohmarkt-fundus-root,2,71,2.82%,14.54
https://www.fleafind.ch/en/schweiz/lugano,2,69,2.9%,9.23
https://www.fleafind.ch/en/schweiz/bern/saturday,2,66,3.03%,9.67
https://www.fleafind.ch/fr/markt/brocante-de-carouge-geneve/2026-06-07,2,64,3.12%,6.8
https://www.fleafind.ch/fr/schweiz/lausanne,2,59,3.39%,8.8
https://www.fleafind.ch/fr/schweiz/lausanne/ce-week-end,2,57,3.51%,22.28
https://www.fleafind.ch/en/schweiz/chur/saturday,2,56,3.57%,11.21
https://www.fleafind.ch/en/markt/flohmarkt-gallusplatz-stgallen,2,54,3.7%,5.98
https://www.fleafind.ch/en/markt/flohmarkt-kanzlei-zuerich/2026-06-20,2,53,3.77%,4.66
https://www.fleafind.ch/de/markt/flohmarkt-dietikon/2026-08-08,2,53,3.77%,7.17
https://www.fleafind.ch/en/schweiz/lausanne/this-weekend,2,51,3.92%,7.9
https://www.fleafind.ch/de/markt/flohmarkt-stuecki-basel/2026-10-18,2,50,4%,4.48
https://www.fleafind.ch/en/markt/rosenhof-markt-zuerich/2026-08-15,2,50,4%,5.36
https://www.fleafind.ch/en/markt/floh-raritaetenmarkt-europaplatz-bern/2026-07-25,2,50,4%,5.44
https://www.fleafind.ch/de/markt/flohmarkt-buerkliplatz-zuerich/2026-06-13,2,48,4.17%,4.58
https://www.fleafind.ch/fr/schweiz/basel/dimanche,2,47,4.26%,8.45
https://www.fleafind.ch/de/schweiz/baden/samstag,2,47,4.26%,14.98
https://www.fleafind.ch/de/schweiz/aarau,2,47,4.26%,16.13
https://www.fleafind.ch/fr/markt/brocante-17-terra-geneve/2026-05-09,2,45,4.44%,3.91
https://www.fleafind.ch/de/markt/flohmarkt-zofingen,2,43,4.65%,8.02
https://www.fleafind.ch/en/markt/flohmarkt-rueticenter-pratteln,2,43,4.65%,10.98
https://www.fleafind.ch/en/markt/marche-aux-puces-plainpalais-geneve-erster-sonntag/2026-08-02,2,42,4.76%,5.64
https://www.fleafind.ch/fr/markt/marche-aux-puces-plainpalais-geneve-samstag/2026-07-04,2,42,4.76%,7.21
https://www.fleafind.ch/de/schweiz/aarau/sonntag,2,41,4.88%,8.41
https://www.fleafind.ch/de/markt/flohmarkt-rathausplatz-wettingen/2026-08-08,2,40,5%,9.65
https://www.fleafind.ch/it/markt/flohmarkt-muensterplatz-bern,2,38,5.26%,8.29
https://www.fleafind.ch/en/markt/flohmarkt-kanzlei-zuerich/2026-05-16,2,37,5.41%,5.97
https://www.fleafind.ch/de/maerkte/naechste-woche/basel,2,37,5.41%,49.19
https://www.fleafind.ch/en/markt/chilbi-flohmarkt-europaplatz-bern,2,36,5.56%,8.61
https://www.fleafind.ch/it/schweiz/bern/sabato,2,35,5.71%,7.46
https://www.fleafind.ch/de/markt/flohmarkt-muensterplatz-bern/2026-09-19,2,34,5.88%,5.59
https://www.fleafind.ch/de/maerkte/naechste-woche/bern,2,34,5.88%,16.38
https://www.fleafind.ch/en/schweiz/luzern/this-weekend,2,33,6.06%,9.33
https://www.fleafind.ch/en/markt/nostalgie-flohmarkt-worb-bern/2026-10-11,2,32,6.25%,7.5
https://www.fleafind.ch/en/markt/baden-bazaar/2026-09-13,2,31,6.45%,2.97
https://www.fleafind.ch/en/markt/flohmarkt-dampfzentrale-bern/2026-06-28,2,31,6.45%,5.81
https://www.fleafind.ch/de/maerkte/wochenende/chur,2,31,6.45%,17.29
https://www.fleafind.ch/en/markt/luzerner-flohmarkt-voegeligaertli/2026-07-25,2,30,6.67%,5.17
https://www.fleafind.ch/fr/markt/brocante-de-carouge-geneve/2026-07-05,2,28,7.14%,5.18
https://www.fleafind.ch/de/markt/flohmarkt-kanzlei-zuerich/2026-05-30,2,28,7.14%,6.54
https://www.fleafind.ch/fr/schweiz/luzern,2,27,7.41%,13.26
https://www.fleafind.ch/en/schweiz/st-gallen/sunday,2,27,7.41%,17.7
https://www.fleafind.ch/de/markt/strandgut-flohmarkt-neubad-luzern/2026-06-07,2,26,7.69%,6.04
https://www.fleafind.ch/de/markt/chilbi-flohmarkt-europaplatz-bern/2026-08-21,2,25,8%,7.24
https://www.fleafind.ch/en/markt/nachtflohmarkt-markthalle-basel/2026-06-06,2,25,8%,8.56
https://www.fleafind.ch/de/schweiz/nyon,2,24,8.33%,6.79
https://www.fleafind.ch/it/markt/mercato-antiquariato-maghetti-lugano,2,22,9.09%,5.82
https://www.fleafind.ch/fr/markt/brocante-17-terra-geneve,2,22,9.09%,6.05
https://www.fleafind.ch/it/markt/flohmarkt-petersplatz-basel,2,22,9.09%,9.55
https://www.fleafind.ch/it/schweiz/lausanne/sabato,2,21,9.52%,6.76
https://www.fleafind.ch/fr/schweiz/bern/dimanche,2,21,9.52%,10.33
https://www.fleafind.ch/de/markt/strandgut-flohmarkt-neubad-luzern/2026-06-21,2,20,10%,4.55
https://www.fleafind.ch/de/maerkte/wochenende/geneve,2,20,10%,12.45
https://www.fleafind.ch/fr/markt/flohmarkt-buerkliplatz-zuerich/2026-05-16,2,19,10.53%,8.84
https://www.fleafind.ch/fr/markt/slow-fashion-market-lausanne/2026-10-04,2,18,11.11%,5
https://www.fleafind.ch/it/maerkte/juni-2026,2,17,11.76%,3.65
https://www.fleafind.ch/de/markt/flohmarkt-kanzlei-zuerich/2026-06-06,2,16,12.5%,4
https://www.fleafind.ch/en/markt/flohmarkt-lenzburg-metzgplatz/2026-06-27,2,16,12.5%,6.12
https://www.fleafind.ch/de/markt/vide-dressing-flon-lausanne,2,14,14.29%,5.21
https://www.fleafind.ch/de/markt/flohmarkt-barfuesserplatz-basel/2026-06-24,2,14,14.29%,5.36
https://www.fleafind.ch/de/markt/flohmarkt-petersplatz-basel/2026-08-08,2,13,15.38%,5
https://www.fleafind.ch/fr/maerkte/2026-07-04,2,13,15.38%,5.69
https://www.fleafind.ch/de/schweiz/vevey/sonntag,2,12,16.67%,6.67
https://www.fleafind.ch/fr/markt/flohmarkt-kanzlei-zuerich/2026-08-01,2,11,18.18%,2.45
https://www.fleafind.ch/fr/markt/marche-rumine-lausanne-samedi/2026-05-09,2,11,18.18%,5.27
https://www.fleafind.ch/de/markt/strandgut-flohmarkt-neubad-luzern/2026-07-05,2,10,20%,4.4
https://www.fleafind.ch/it/markt/floh-und-antiquitaetenmarkt-mellingen,2,10,20%,17
https://www.fleafind.ch/fr/schweiz/aarau,2,9,22.22%,5
https://www.fleafind.ch/en/markt/rosenhof-markt-zuerich/2026-08-01,2,9,22.22%,6.11
https://www.fleafind.ch/en/markt/baden-bazaar/2026-11-08,2,8,25%,4.62
https://www.fleafind.ch/fr/schweiz/baden/dimanche,2,8,25%,6
https://www.fleafind.ch/it/maerkte/naechste-woche,2,7,28.57%,6.14
https://www.fleafind.ch/de/maerkte/2026-08-22,2,7,28.57%,6.29
https://www.fleafind.ch/fr/markt/marche-aux-puces-plainpalais-geneve-samstag/2026-07-18,2,6,33.33%,2.67
https://www.fleafind.ch/fr/markt/brocante-17-terra-geneve/2026-07-11,2,6,33.33%,5.5
https://www.fleafind.ch/de/schweiz/nyon/dieses-wochenende,2,5,40%,4.8
https://www.fleafind.ch/it/maerkte/domenica,2,5,40%,5
https://www.fleafind.ch/de/maerkte/2026-09-05,2,3,66.67%,2.33
https://www.fleafind.ch/fr/markt/nostalgie-flohmarkt-worb-bern/2026-09-13,1,248,0.4%,7.3
https://www.fleafind.ch/de/markt/quartierflohmarkt-st-johann,1,187,0.53%,9.74
https://www.fleafind.ch/en/markt/flohmarkt-buerkliplatz-zuerich,1,162,0.62%,6.8
https://www.fleafind.ch/fr/markt/vide-dressing-flon-lausanne/2026-06-06,1,157,0.64%,7.24
https://www.fleafind.ch/en/markt/flohmarkt-the-stage-liebefeld-bern,1,147,0.68%,9.29
https://www.fleafind.ch/en/markt/night-flohmarkt-kloten,1,143,0.7%,7.64
https://www.fleafind.ch/en/markt/flohmarkt-rueticenter-pratteln/2026-09-06,1,138,0.72%,12.08
https://www.fleafind.ch/en/markt/flohmarkt-buelach-stadthalle,1,137,0.73%,10.8
https://www.fleafind.ch/fr/markt/quartierflohmarkt-matthaeus,1,134,0.75%,8.28
https://www.fleafind.ch/en/schweiz/lugano/this-weekend,1,122,0.82%,11.61
https://www.fleafind.ch/de/markt/flohmarkt-grosse-halle-bern/2026-06-07,1,117,0.85%,7.22
https://www.fleafind.ch/de/markt/flohmarkt-the-stage-liebefeld-bern,1,113,0.88%,7.49
https://www.fleafind.ch/de/schweiz/basel/samstag,1,112,0.89%,26.39
https://www.fleafind.ch/en/markt/flohmarkt-kanzlei-zuerich/2026-05-30,1,107,0.93%,6.73
https://www.fleafind.ch/fr/markt/fete-livres-disques-ouchy-lausanne,1,107,0.93%,6.91
https://www.fleafind.ch/en/maerkte/sunday,1,93,1.08%,10.52
https://www.fleafind.ch/de/markt/flohmarkt-petersplatz-basel/2026-05-09,1,92,1.09%,4.55
https://www.fleafind.ch/de/markt/nostalgie-flohmarkt-worb-bern/2026-09-13,1,89,1.12%,5.01
https://www.fleafind.ch/en/schweiz/geneve/this-weekend,1,84,1.19%,22.31
https://www.fleafind.ch/de/markt/flohmarkt-adliswil/2026-10-24,1,80,1.25%,8.88
https://www.fleafind.ch/de/markt/flohmarkt-the-stage-liebefeld-bern/2026-09-13,1,79,1.27%,8.23
https://www.fleafind.ch/de/markt/nachtflohmarkt-markthalle-basel/2026-09-05,1,77,1.3%,13.91
https://www.fleafind.ch/en/schweiz/baden/saturday,1,75,1.33%,14.21
https://www.fleafind.ch/it/markt/plainpalais-geneve,1,74,1.35%,6.31
https://www.fleafind.ch/de/markt/quartier-flohmarkt-areal-bach,1,73,1.37%,9.18
https://www.fleafind.ch/de/markt/flohmarkt-mosergarten-schaffhausen/2026-09-05,1,71,1.41%,7.14
https://www.fleafind.ch/de/markt/flosch-schwamendingen-zuerich/2026-09-12,1,71,1.41%,7.39
https://www.fleafind.ch/en/markt/flohmarkt-kanzlei-zuerich/2026-07-25,1,70,1.43%,6.7
https://www.fleafind.ch/en/schweiz/basel/sunday,1,70,1.43%,14.14
https://www.fleafind.ch/en/markt/nostalgie-flohmarkt-worb-bern/2026-07-12,1,69,1.45%,6.14
https://www.fleafind.ch/de/markt/quartierflohmarkt-pratteln-gehrenacker,1,69,1.45%,12.28
https://www.fleafind.ch/en/maerkte/2026-08-01/luzern,1,66,1.52%,10.09
https://www.fleafind.ch/en/schweiz/st-gallen/saturday,1,66,1.52%,25.35
https://www.fleafind.ch/it/markt/flohmarkt-rueticenter-pratteln/2026-11-01,1,65,1.54%,17.35
https://www.fleafind.ch/fr/schweiz/bern/samedi,1,64,1.56%,10.83
https://www.fleafind.ch/en/markt/flughafen-flohmarkt-kloten-zuerich,1,64,1.56%,12.38
https://www.fleafind.ch/de/markt/flohmarkt-petersplatz-basel/2026-06-20,1,60,1.67%,6.45
https://www.fleafind.ch/en/markt/flohmarkt-kanzlei-zuerich/2026-06-27,1,59,1.69%,5.25
https://www.fleafind.ch/en/markt/flohmarkt-dietikon,1,59,1.69%,10.63
https://www.fleafind.ch/fr/markt/marche-aux-puces-vevey/2026-07-04,1,57,1.75%,7.12
https://www.fleafind.ch/de/schweiz/baden/dieses-wochenende,1,56,1.79%,20.68
https://www.fleafind.ch/de/markt/flohmi-bullingerhof-zuerich,1,55,1.82%,7.07
https://www.fleafind.ch/en/markt/flohmarkt-am-see-wollishofen-zuerich/2027-09-05,1,55,1.82%,7.13
https://www.fleafind.ch/en/markt/flohmarkt-seeplatz-waedenswil/2026-10-03,1,55,1.82%,9.13
https://www.fleafind.ch/en/markt/flohmarkt-petersplatz-basel/2026-06-27,1,54,1.85%,5.44
https://www.fleafind.ch/fr/schweiz/lugano/ce-week-end,1,53,1.89%,11.4
https://www.fleafind.ch/de/markt/floh-raritaetenmarkt-europaplatz-bern/2026-07-25,1,52,1.92%,7.38
https://www.fleafind.ch/de/schweiz/lugano/samstag,1,52,1.92%,9.02
https://www.fleafind.ch/en/schweiz/nyon/this-weekend,1,50,2%,11.68
https://www.fleafind.ch/fr/markt/brocante-de-rive-nyon/2026-08-29,1,47,2.13%,8.4
https://www.fleafind.ch/en/markt/baden-bazaar,1,45,2.22%,6.89
https://www.fleafind.ch/fr/schweiz/luzern/ce-week-end,1,45,2.22%,10.27
https://www.fleafind.ch/de/markt/vide-grenier-place-de-milan-lausanne,1,45,2.22%,11.04
https://www.fleafind.ch/en/maerkte/naechste-woche/bern,1,44,2.27%,6.89
https://www.fleafind.ch/en/maerkte/saturday/zuerich,1,44,2.27%,12.66
https://www.fleafind.ch/de/markt/wbz-flohmarkt-reinach/2026-10-30,1,43,2.33%,11.6
https://www.fleafind.ch/en/markt/marche-aux-puces-fribourg,1,42,2.38%,7.6
https://www.fleafind.ch/de/markt/flohmarkt-zofingen/2026-06-13,1,41,2.44%,8.37
https://www.fleafind.ch/de/markt/cd-schallplatten-boerse-bern,1,41,2.44%,24.98
https://www.fleafind.ch/de/schweiz/thun/dieses-wochenende,1,41,2.44%,37.1
https://www.fleafind.ch/it/markt/flohmarkt-buerkliplatz-zuerich/2026-10-03,1,40,2.5%,5.35
https://www.fleafind.ch/de/markt/quartierflohmarkt-gundeli,1,40,2.5%,7.45
https://www.fleafind.ch/de/markt/maedelsflohmarkt-tanzwerk-101-zuerich,1,40,2.5%,26.48
https://www.fleafind.ch/en/markt/brocante-de-carouge-geneve,1,39,2.56%,5.64
https://www.fleafind.ch/de/markt/flohmarkt-muensterplatz-bern/2026-08-15,1,38,2.63%,5.79
https://www.fleafind.ch/en/schweiz/vevey/saturday,1,38,2.63%,6.47
https://www.fleafind.ch/en/markt/flohmarkt-seeplatz-waedenswil/2026-07-11,1,38,2.63%,7.87
https://www.fleafind.ch/de/markt/quartierflohmarkt-bottmingen,1,38,2.63%,11.63
https://www.fleafind.ch/en/markt/marche-aux-puces-plainpalais-geneve-samstag/2026-06-20,1,37,2.7%,6.27
https://www.fleafind.ch/de/markt/flohmarkt-muensterplatz-bern/2026-06-20,1,36,2.78%,4.72
https://www.fleafind.ch/de/markt/flohmarkt-obere-muehle-duebendorf/2026-08-22,1,36,2.78%,6.58
https://www.fleafind.ch/en/markt/flohmarkt-theaterplatz-baden,1,36,2.78%,9.69
https://www.fleafind.ch/fr/markt/brocante-de-carouge-geneve/2026-10-04,1,35,2.86%,4.74
https://www.fleafind.ch/de/markt/flohmi-muttenz/2026-09-13,1,35,2.86%,5.43
https://www.fleafind.ch/fr/markt/marche-aux-puces-plainpalais-geneve-samstag/2026-06-06,1,35,2.86%,6.69
https://www.fleafind.ch/de/schweiz/geneve,1,35,2.86%,16.09
https://www.fleafind.ch/de/markt/flohmarkt-petersplatz-basel/2026-06-27,1,34,2.94%,3.85
https://www.fleafind.ch/en/markt/flohmarkt-buerkliplatz-zuerich/2026-05-23,1,34,2.94%,5.35
https://www.fleafind.ch/en/markt/flohmarkt-petersplatz-basel/2026-07-11,1,34,2.94%,5.68
https://www.fleafind.ch/en/markt/vide-grenier-lutry/2026-10-03,1,34,2.94%,8.09
https://www.fleafind.ch/de/markt/flohmarkt-dampfzentrale-bern/2026-06-28,1,33,3.03%,4.91
https://www.fleafind.ch/de/markt/fundus-flohmarkt-arena-root/2026-07-19,1,33,3.03%,5.67
https://www.fleafind.ch/en/markt/kinderflohmarkt-gz-hottingen,1,33,3.03%,9.73
https://www.fleafind.ch/de/markt/flohmarkt-grosse-halle-bern,1,33,3.03%,10.21
https://www.fleafind.ch/de/markt/flohmarkt-wetzikon,1,33,3.03%,10.48
https://www.fleafind.ch/en/markt/marche-aux-puces-plainpalais-geneve-erster-sonntag/2026-06-07,1,32,3.12%,5.16
https://www.fleafind.ch/en/markt/flohmarkt-st-mangen-quartier/2026-06-27,1,32,3.12%,5.75
https://www.fleafind.ch/en/markt/flohmarkt-buerkliplatz-zuerich/2026-05-30,1,32,3.12%,7.06
https://www.fleafind.ch/en/schweiz/fribourg/saturday,1,32,3.12%,7.28
https://www.fleafind.ch/en/markt/flohmarkt-kloten,1,32,3.12%,13.22
https://www.fleafind.ch/de/maerkte/naechste-woche,1,32,3.12%,13.66
https://www.fleafind.ch/en/markt/flohmarkt-petersplatz-basel/2026-05-16,1,31,3.23%,4.77
https://www.fleafind.ch/it/schweiz/basel,1,30,3.33%,8.5
https://www.fleafind.ch/de/markt/flohmarkt-petersplatz-basel/2026-07-11,1,29,3.45%,4.38
https://www.fleafind.ch/de/schweiz/geneve/samstag,1,29,3.45%,8.48
https://www.fleafind.ch/de/schweiz/zuerich/sonntag,1,29,3.45%,20.48
https://www.fleafind.ch/en/maerkte/naechste-woche/chur,1,29,3.45%,22.03
https://www.fleafind.ch/en/markt/flohmarkt-kanzlei-zuerich/2026-05-09,1,28,3.57%,5.14
https://www.fleafind.ch/en/markt/mercato-antiquariato-maghetti-lugano/2026-08-01,1,28,3.57%,6.11
https://www.fleafind.ch/de/markt/flohmarkt-vogesenplatz-basel/2026-06-20,1,28,3.57%,7.04
https://www.fleafind.ch/de/markt/floh-troedlermarkt-winterthur-altstadt/2026-06-13,1,28,3.57%,7.29
https://www.fleafind.ch/en/markt/flohmarkt-st-mangen-quartier/2026-05-30,1,27,3.7%,6.15
https://www.fleafind.ch/de/maerkte/2026-07-06,1,27,3.7%,7.85
https://www.fleafind.ch/fr/markt/brocante-de-carouge-geneve/2027-07-04,1,27,3.7%,10.7
https://www.fleafind.ch/de/markt/floh-und-antikmarkt-wynecenter-buchs/2026-09-06,1,26,3.85%,13.73
https://www.fleafind.ch/en/schweiz/baden,1,25,4%,5.76
https://www.fleafind.ch/en/markt/liesberger-flohmarkt,1,25,4%,6.84
https://www.fleafind.ch/de/markt/quartierflohmi-neu-allschwil,1,25,4%,8.68
https://www.fleafind.ch/de/markt/flohmarkt-hofmattplatz-kriens,1,24,4.17%,8.25
https://www.fleafind.ch/fr/markt/floh-raritaetenmarkt-europaplatz-bern,1,24,4.17%,8.54
https://www.fleafind.ch/de/markt/hallenflohmarkt-markthalle-basel/2026-10-03,1,24,4.17%,15.04
https://www.fleafind.ch/en/markt/kinderflohmarkt-gz-bachwiesen/2026-08-23,1,24,4.17%,15.38
https://www.fleafind.ch/en/markt/hallenflohmarkt-markthalle-basel/2026-09-06,1,24,4.17%,22.38
https://www.fleafind.ch/de/markt/kinderflohmarkt-gz-hottingen/2026-08-29,1,23,4.35%,4.78
https://www.fleafind.ch/de/markt/flohmarkt-kanzlei-zuerich/2026-07-11,1,23,4.35%,5.09
https://www.fleafind.ch/fr/markt/quartierflohmarkt-gundeli,1,23,4.35%,34.52
https://www.fleafind.ch/en/markt/brocante-de-carouge-geneve/2026-08-02,1,22,4.55%,5.36
https://www.fleafind.ch/en/markt/flohmarkt-wetzikon,1,22,4.55%,6.23
https://www.fleafind.ch/en/markt/brocante-de-carouge-geneve/2026-10-04,1,22,4.55%,9.23
https://www.fleafind.ch/en/markt/flohmarkt-paulusheim-luzern,1,22,4.55%,43.91
https://www.fleafind.ch/en/markt/flohmarkt-vogesenplatz-basel/2026-08-01,1,21,4.76%,4.9
https://www.fleafind.ch/de/markt/flohmarkt-dietikon/2026-09-26,1,21,4.76%,4.95
https://www.fleafind.ch/de/markt/boutique-kleider-flohmarkt-wbz-reinach,1,21,4.76%,14.33
https://www.fleafind.ch/it/schweiz/bern,1,20,5%,39.6
https://www.fleafind.ch/fr/markt/brocante-17-terra-geneve/2026-08-03,1,19,5.26%,3.42
https://www.fleafind.ch/it/schweiz/lausanne/domenica,1,19,5.26%,8.26
https://www.fleafind.ch/en/markt/flohmarkt-stuecki-basel/2026-10-18,1,19,5.26%,8.89
https://www.fleafind.ch/it/markt/vide-grenier-place-de-milan-lausanne,1,19,5.26%,11.16
https://www.fleafind.ch/fr/markt/marche-aux-puces-plainpalais-geneve-erster-sonntag/2026-08-02,1,18,5.56%,4
https://www.fleafind.ch/en/markt/les-puces-du-cpo-lausanne,1,18,5.56%,4.56
https://www.fleafind.ch/en/markt/flohmarkt-kanzlei-zuerich/2026-05-23,1,18,5.56%,4.67
https://www.fleafind.ch/it/schweiz/luzern,1,18,5.56%,7.61
https://www.fleafind.ch/de/maerkte/wochenende/luzern,1,18,5.56%,18.83
https://www.fleafind.ch/fr/markt/flohmarkt-petersplatz-basel/2026-09-05,1,18,5.56%,27.17
https://www.fleafind.ch/en/markt/mercato-antiquariato-maghetti-lugano/2026-07-04,1,17,5.88%,4.71
https://www.fleafind.ch/fr/markt/marche-aux-puces-plainpalais-geneve-samstag/2026-06-20,1,17,5.88%,6.88
https://www.fleafind.ch/fr/markt/flohmarkt-rueticenter-pratteln/2026-09-06,1,17,5.88%,15.82
https://www.fleafind.ch/en/schweiz/st-gallen,1,17,5.88%,16.88
https://www.fleafind.ch/de/schweiz,1,17,5.88%,21.71
https://www.fleafind.ch/de/markt/flohmarkt-petersplatz-basel/2026-07-18,1,16,6.25%,3.69
https://www.fleafind.ch/de/markt/flohmarkt-rathausplatz-wettingen/2026-06-13,1,16,6.25%,3.81
https://www.fleafind.ch/en/markt/marche-rumine-lausanne,1,16,6.25%,5.56
https://www.fleafind.ch/en/markt/luzerner-flohmarkt-voegeligaertli,1,16,6.25%,9.5
https://www.fleafind.ch/en/maerkte/wochenende/lausanne,1,16,6.25%,43.75
https://www.fleafind.ch/en/markt/flohmarkt-vogesenplatz-basel/2026-05-30,1,15,6.67%,3.67
https://www.fleafind.ch/en/markt/marche-calabash-lausanne/2027-02-07,1,15,6.67%,4.67
https://www.fleafind.ch/en/markt/quartierflohmarkt-st-johann,1,15,6.67%,5.33
https://www.fleafind.ch/en/markt/brocante-de-rive-nyon,1,15,6.67%,6.53
https://www.fleafind.ch/en/markt/flohmarkt-aarau/2027-05-01,1,15,6.67%,11.93
https://www.fleafind.ch/fr/schweiz/bern/ce-week-end,1,15,6.67%,13.13
https://www.fleafind.ch/en/markt/rosenhof-markt-zuerich/2026-10-17,1,14,7.14%,1.79
https://www.fleafind.ch/fr/markt/fete-livres-disques-ouchy-lausanne/2026-06-07,1,14,7.14%,3.86
https://www.fleafind.ch/en/schweiz/winterthur,1,14,7.14%,5.5
https://www.fleafind.ch/de/markt/flohmarkt-minigolf-lido-luzern/2026-04-26,1,14,7.14%,6.79
https://www.fleafind.ch/de/markt/flohmarkt-gz-seebach/2026-08-29,1,14,7.14%,7.29
https://www.fleafind.ch/it/schweiz/baden/questo-fine-settimana,1,14,7.14%,10.79
https://www.fleafind.ch/en/markt/luzerner-flohmarkt-voegeligaertli/2026-07-18,1,13,7.69%,4.31
https://www.fleafind.ch/de/markt/quartierflohmarkt-rosental-erlenmatt,1,13,7.69%,5.77
https://www.fleafind.ch/en/markt/flohmarkt-vogesenplatz-basel/2026-06-27,1,13,7.69%,6.31
https://www.fleafind.ch/en/maerkte/2026-08-22/bern,1,13,7.69%,6.69
https://www.fleafind.ch/en/markt/brocante-17-terra-geneve/2026-07-08,1,13,7.69%,6.77
https://www.fleafind.ch/fr/markt/quartierflohmarkt-pratteln-gehrenacker,1,13,7.69%,7.69
https://www.fleafind.ch/de/markt/letziplunder-flohmarkt-basel,1,13,7.69%,10.54
https://www.fleafind.ch/en/markt/chilbi-flohmarkt-europaplatz-bern/2026-08-21,1,12,8.33%,4.92
https://www.fleafind.ch/en/markt/flohmarkt-am-see-wollishofen-zuerich/2026-06-07,1,12,8.33%,5.17
https://www.fleafind.ch/en/markt/flohmarkt-gallusplatz-stgallen/2026-09-05,1,12,8.33%,5.42
https://www.fleafind.ch/en/markt/luzerner-flohmarkt-voegeligaertli/2026-09-12,1,12,8.33%,5.5
https://www.fleafind.ch/en/markt/flohmi-bullingerhof-zuerich/2026-04-25,1,12,8.33%,5.75
https://www.fleafind.ch/fr/markt/flohmarkt-petersplatz-basel/2026-05-16,1,12,8.33%,7.92
https://www.fleafind.ch/de/markt/flohmarkt-rathausplatz-wettingen/2026-10-10,1,12,8.33%,8.33
https://www.fleafind.ch/de/maerkte/juni-2026/basel,1,12,8.33%,10.25
https://www.fleafind.ch/en/markt/gaenggali-markt-chur/2026-10-03,1,12,8.33%,10.67
https://www.fleafind.ch/fr/schweiz/winterthur/ce-week-end,1,12,8.33%,19.75
https://www.fleafind.ch/fr/markt/brocante-17-terra-geneve/2026-05-08,1,11,9.09%,3.73
https://www.fleafind.ch/en/markt/luzerner-flohmarkt-voegeligaertli/2026-08-22,1,11,9.09%,4.45
https://www.fleafind.ch/en/maerkte/2026-09-05,1,11,9.09%,4.82
https://www.fleafind.ch/en/markt/kinderflohmarkt-gz-heuried/2026-09-27,1,11,9.09%,7.27
https://www.fleafind.ch/de/markt/nerdyartist-markthalle-basel/2026-09-05,1,11,9.09%,8.45
https://www.fleafind.ch/fr/markt/flohmarkt-buerkliplatz-zuerich/2026-06-20,1,11,9.09%,8.91
https://www.fleafind.ch/de/schweiz/lausanne/dieses-wochenende,1,11,9.09%,9
https://www.fleafind.ch/en/markt/quartierflohmarkt-lehenmatt,1,11,9.09%,10.91
https://www.fleafind.ch/en/markt/flohmarkt-rueticenter-pratteln/2026-10-04,1,11,9.09%,16.55
https://www.fleafind.ch/it/schweiz/basel/sabato,1,11,9.09%,16.55
https://www.fleafind.ch/de/markt/flohmarkt-barfuesserplatz-basel/2026-07-22,1,10,10%,4.2
https://www.fleafind.ch/de/markt/flohmarkt-kanzlei-zuerich/2026-06-13,1,10,10%,4.4
https://www.fleafind.ch/de/markt/flohmarkt-theaterplatz-baden/2026-07-25,1,10,10%,6
https://www.fleafind.ch/fr/markt/marche-aux-puces-plainpalais-geneve-erster-sonntag/2026-06-07,1,10,10%,6.5
https://www.fleafind.ch/fr/markt/mercatino-usato-paradiso-lugano/2027-10-06,1,10,10%,10.3
https://www.fleafind.ch/en/markt/marche-aux-puces-fribourg-cathedrale/2027-03-06,1,10,10%,10.7
https://www.fleafind.ch/de/markt/rosenhof-markt-zuerich/2026-07-18,1,9,11.11%,3.44
https://www.fleafind.ch/it/markt/marche-aux-puces-fribourg,1,9,11.11%,5
https://www.fleafind.ch/fr/markt/marches-tunnel-lausanne-samedi/2026-05-30,1,9,11.11%,5.11
https://www.fleafind.ch/it/schweiz/nyon/domenica,1,9,11.11%,6.33
https://www.fleafind.ch/de/markt/quartier-flohmarkt-areal-bach/2026-06-21,1,9,11.11%,6.56
https://www.fleafind.ch/en/markt/brocante-de-carouge-geneve/2026-06-07,1,9,11.11%,7
https://www.fleafind.ch/en/markt/marche-rumine-lausanne-samedi/2026-08-29,1,9,11.11%,9
https://www.fleafind.ch/en/markt/flosch-schwamendingen-zuerich/2026-07-25,1,8,12.5%,1.88
https://www.fleafind.ch/en/markt/flohmarkt-barfuesserplatz-basel/2026-07-22,1,8,12.5%,5.5
https://www.fleafind.ch/fr/markt/letziplunder-flohmarkt-basel/2026-06-20,1,8,12.5%,6.75
https://www.fleafind.ch/fr/schweiz/fribourg/samedi,1,8,12.5%,7.5
https://www.fleafind.ch/it/schweiz/luzern/questo-fine-settimana,1,8,12.5%,8
https://www.fleafind.ch/en/schweiz/aarau/saturday,1,8,12.5%,8.12
https://www.fleafind.ch/it/markt/quartierflohmarkt-gotthelf-iselin/2026-05-17,1,8,12.5%,9.62
https://www.fleafind.ch/it/markt/floh-und-antikmarkt-wynecenter-buchs,1,7,14.29%,2.86
https://www.fleafind.ch/de/markt/progr-vintage-flea-market-bern/2026-07-18,1,7,14.29%,4.86
https://www.fleafind.ch/en/markt/marche-rumine-lausanne-samedi/2026-07-11,1,7,14.29%,5
https://www.fleafind.ch/fr/schweiz/thun/ce-week-end,1,7,14.29%,5.57
https://www.fleafind.ch/it/schweiz/chur/sabato,1,7,14.29%,5.71
https://www.fleafind.ch/de/markt/rosenhof-markt-zuerich/2026-07-25,1,7,14.29%,6.71
https://www.fleafind.ch/fr/maerkte/naechste-woche?city=basel,1,7,14.29%,9.14
https://www.fleafind.ch/fr/markt/flohmarkt-bruderholzallee,1,7,14.29%,10.71
https://www.fleafind.ch/de/markt/brocante-de-rive-nyon,1,7,14.29%,13
https://www.fleafind.ch/fr/schweiz/schaffhausen,1,7,14.29%,69.29
https://www.fleafind.ch/en/markt/marche-rumine-lausanne-samedi/2026-06-13,1,6,16.67%,2.67
https://www.fleafind.ch/fr/markt/flohmarkt-petersplatz-basel/2026-05-09,1,6,16.67%,5.33
https://www.fleafind.ch/fr/markt/flohmarkt-petersplatz-basel/2026-09-26,1,6,16.67%,5.5
https://www.fleafind.ch/de/markt/flohmarkt-gz-heuried/2026-11-22,1,6,16.67%,5.83
https://www.fleafind.ch/en/markt/marches-tunnel-lausanne-samedi/2026-06-13,1,6,16.67%,6.17
https://www.fleafind.ch/fr/schweiz/st-gallen,1,6,16.67%,6.5
https://www.fleafind.ch/fr/maerkte/naechste-woche,1,6,16.67%,6.67
https://www.fleafind.ch/it/schweiz/st-gallen,1,6,16.67%,7
https://www.fleafind.ch/de/markt/quartier-flohmarkt-areal-bach/2026-06-07,1,6,16.67%,7.5
https://www.fleafind.ch/de/markt/marche-aux-puces-fribourg-cathedrale/2026-09-05,1,6,16.67%,8
https://www.fleafind.ch/it/schweiz/basel/questo-fine-settimana,1,6,16.67%,8.33
https://www.fleafind.ch/de/schweiz/oetwil-am-see,1,6,16.67%,9.33
https://www.fleafind.ch/fr/markt/mercato-antiquariato-maghetti-lugano,1,6,16.67%,9.83
https://www.fleafind.ch/en/markt/flosch-schwamendingen-zuerich/2026-06-27,1,6,16.67%,13.17
https://www.fleafind.ch/fr/schweiz/luzern/dieses-wochenende,1,6,16.67%,34
https://www.fleafind.ch/en/markt/marche-rumine-lausanne-samedi/2026-05-30,1,5,20%,1.4
https://www.fleafind.ch/en/markt/marche-aux-puces-plainpalais-geneve-samstag/2026-07-25,1,5,20%,2.8
https://www.fleafind.ch/en/markt/flohmarkt-am-see-wollishofen-zuerich/2026-07-05,1,5,20%,3.6
https://www.fleafind.ch/de/markt/les-puces-du-cpo-lausanne,1,5,20%,4.4
https://www.fleafind.ch/fr/markt/slow-fashion-market-lausanne,1,5,20%,5.6
https://www.fleafind.ch/it/markt/flohmarkt-am-see-wollishofen-zuerich/2026-06-07,1,5,20%,5.8
https://www.fleafind.ch/it/schweiz/basel/domenica,1,5,20%,5.8
https://www.fleafind.ch/fr/maerkte/wochenende/chur,1,5,20%,6
https://www.fleafind.ch/it/schweiz/fribourg/dieses-wochenende,1,5,20%,8.8
https://www.fleafind.ch/de/markt/flohmarkt-buerkliplatz-zuerich/2026-08-22,1,5,20%,18.6
https://www.fleafind.ch/fr/markt/marche-aux-puces-plainpalais-geneve-mittwoch/2026-07-15,1,4,25%,2
https://www.fleafind.ch/de/markt/flohmarkt-dietikon/2026-07-25,1,4,25%,2.25
https://www.fleafind.ch/en/markt/marche-rumine-lausanne-samedi/2026-07-04,1,4,25%,3
https://www.fleafind.ch/fr/maerkte/2026-07-25,1,4,25%,3.75
https://www.fleafind.ch/en/markt/rosenhof-markt-zuerich/2026-11-14,1,4,25%,4.5
https://www.fleafind.ch/it/maerkte/2026-07-04,1,4,25%,5
https://www.fleafind.ch/it/schweiz/baden/dieses-wochenende,1,4,25%,5.25
https://www.fleafind.ch/fr/markt/marches-tunnel-lausanne-samedi/2026-05-23,1,4,25%,6.25
https://www.fleafind.ch/de/markt/mercatino-usato-paradiso-lugano,1,4,25%,7.25
https://www.fleafind.ch/it/schweiz/baden/sabato,1,4,25%,7.25
https://www.fleafind.ch/en/markt/flohmarkt-vogesenplatz-basel/2026-08-15,1,4,25%,7.5
https://www.fleafind.ch/en/schweiz/vevey/sunday,1,4,25%,7.5
https://www.fleafind.ch/it/markt/flohmarkt-the-stage-liebefeld-bern,1,4,25%,11.25
https://www.fleafind.ch/en/maerkte/heute/schaffhausen,1,4,25%,25.75
https://www.fleafind.ch/de/markt/flohmarkt-buerkliplatz-zuerich/2026-08-29,1,4,25%,58.75
https://www.fleafind.ch/it/markt/flohmarkt-minigolf-lido-luzern/2026-04-26,1,3,33.33%,2.33
https://www.fleafind.ch/de/markt/flohmarkt-paulusheim-luzern/2026-09-12,1,3,33.33%,3.67
https://www.fleafind.ch/it/markt/progr-vintage-flea-market-bern,1,3,33.33%,4.67
https://www.fleafind.ch/de/markt/flohmarkt-vogesenplatz-basel/2026-07-18,1,3,33.33%,5
https://www.fleafind.ch/de/markt/progr-vintage-flea-market-bern/2026-04-18,1,3,33.33%,5
https://www.fleafind.ch/fr/maerkte/2026-07-24,1,3,33.33%,5
https://www.fleafind.ch/fr/markt/quartierflohmarkt-gellert/2026-09-06,1,3,33.33%,5.67
https://www.fleafind.ch/de/maerkte/2026-06-05,1,3,33.33%,6.33
https://www.fleafind.ch/en/markt/marche-aux-puces-plainpalais-geneve-mittwoch/2026-08-05,1,3,33.33%,8
https://www.fleafind.ch/it/markt/flohmarkt-petersplatz-basel/2026-06-06,1,3,33.33%,8
https://www.fleafind.ch/fr/schweiz/baden/dieses-wochenende,1,3,33.33%,8.33
https://www.fleafind.ch/en/maerkte/2026-08-30,1,3,33.33%,31.33
https://www.fleafind.ch/fr/markt/marche-aux-puces-plainpalais-geneve-mittwoch/2026-05-13,1,2,50%,1
https://www.fleafind.ch/it/markt/marche-aux-puces-plainpalais-geneve-erster-sonntag/2026-06-07,1,2,50%,2
https://www.fleafind.ch/it/markt/marche-rumine-lausanne-samedi/2026-06-20,1,2,50%,2
https://www.fleafind.ch/it/markt/mercato-antiquariato-maghetti-lugano/2026-07-04,1,2,50%,2
https://www.fleafind.ch/en/markt/marche-rumine-lausanne-vendredi/2026-05-15,1,2,50%,2.5
https://www.fleafind.ch/it/maerkte/2026-07-25/zuerich,1,2,50%,3
https://www.fleafind.ch/de/markt/mercato-antiquariato-maghetti-lugano/2026-08-01,1,2,50%,3.5
https://www.fleafind.ch/fr/markt/gaenggali-markt-chur,1,2,50%,4
https://www.fleafind.ch/fr/markt/nerdyartist-markthalle-basel/2026-09-05,1,2,50%,4
https://www.fleafind.ch/it/markt/flohmi-am-see-bern/2026-08-23,1,2,50%,4
https://www.fleafind.ch/en/markt/strandgut-flohmarkt-neubad-luzern/2026-08-02,1,2,50%,5.5
https://www.fleafind.ch/en/markt/marches-tunnel-lausanne-samedi/2026-11-14,1,2,50%,6.5
https://www.fleafind.ch/it/schweiz/aarau/sabato,1,2,50%,10
https://www.fleafind.ch/fr/markt/hallenflohmarkt-markthalle-basel/2026-09-06,1,2,50%,29.5
https://www.fleafind.ch/fr/markt/marche-rumine-lausanne-vendredi/2026-05-29,1,1,100%,1
https://www.fleafind.ch/fr/markt/marches-tunnel-lausanne-mardi/2026-05-19,1,1,100%,1
https://www.fleafind.ch/it/maerkte/2026-09-05,1,1,100%,1
https://www.fleafind.ch/it/markt/kinderflohmarkt-gz-heuried/2026-09-27,1,1,100%,1
https://www.fleafind.ch/it/markt/luzerner-flohmarkt-voegeligaertli/2026-07-11,1,1,100%,1
https://www.fleafind.ch/it/markt/marches-tunnel-lausanne-samedi/2026-05-09,1,1,100%,1
https://www.fleafind.ch/it/markt/marches-tunnel-lausanne-samedi/2026-06-06,1,1,100%,1
https://www.fleafind.ch/it/markt/mercato-antiquariato-maghetti-lugano/2026-08-01,1,1,100%,1
https://www.fleafind.ch/en/markt/maedelsflohmarkt-tanzwerk-101-zuerich,1,1,100%,2
https://www.fleafind.ch/en/markt/strandgut-flohmarkt-neubad-luzern/2026-11-01,1,1,100%,2
https://www.fleafind.ch/fr/markt/floh-und-antikmarkt-wynecenter-buchs,1,1,100%,2
https://www.fleafind.ch/fr/markt/marche-aux-puces-plainpalais-geneve-samstag/2026-07-25,1,1,100%,2
https://www.fleafind.ch/it/markt/flohmarkt-buerkliplatz-zuerich/2026-06-20,1,1,100%,2
https://www.fleafind.ch/it/markt/flohmarkt-petersplatz-basel/2026-06-27,1,1,100%,2
https://www.fleafind.ch/it/markt/flohmarkt-petersplatz-basel/2026-08-15,1,1,100%,2
https://www.fleafind.ch/de/maerkte/2026-08-30,1,1,100%,3
https://www.fleafind.ch/en/markt/brocante-17-terra-geneve/2026-05-05,1,1,100%,3
https://www.fleafind.ch/fr/markt/flosch-schwamendingen-zuerich/2026-10-31,1,1,100%,3
https://www.fleafind.ch/fr/markt/rosenhof-markt-zuerich/2026-08-01,1,1,100%,3
https://www.fleafind.ch/de/markt/strandgut-flohmarkt-neubad-luzern/2026-09-20,1,1,100%,4
https://www.fleafind.ch/en/markt/les-puces-du-cpo-lausanne/2026-07-30,1,1,100%,4
https://www.fleafind.ch/fr/markt/marches-tunnel-lausanne-mercredi/2026-08-26,1,1,100%,6
https://www.fleafind.ch/fr/markt/vide-grenier-lutry/2026-10-03,0,273,0%,8.01
https://www.fleafind.ch/de/markt/flohmarkt-rueticenter-pratteln/2026-10-04,0,226,0%,9.12
https://www.fleafind.ch/de/maerkte/heute/winterthur,0,215,0%,26.34
https://www.fleafind.ch/en/markt/flohmarkt-buerkliplatz-zuerich/2026-06-20,0,177,0%,6.75
https://www.fleafind.ch/en/markt/flohmarkt-buerkliplatz-zuerich/2026-05-16,0,148,0%,5.42
https://www.fleafind.ch/en/markt/flohmarkt-seeplatz-waedenswil/2026-08-08,0,117,0%,10.15
https://www.fleafind.ch/de/markt/flohmarkt-wetzikon/2026-09-26,0,114,0%,11.59
https://www.fleafind.ch/fr/schweiz/nyon/samedi,0,112,0%,12
https://www.fleafind.ch/fr/schweiz/lausanne/dimanche,0,112,0%,22.7
https://www.fleafind.ch/de/markt/flohmarkt-aarau/2026-09-05,0,109,0%,10.11
https://www.fleafind.ch/fr/markt/marche-calabash-lausanne,0,107,0%,7.45
https://www.fleafind.ch/de/markt/quartierflohmarkt-lehenmatt/2026-06-28,0,104,0%,9.68
https://www.fleafind.ch/fr/markt/nostalgie-flohmarkt-worb-bern/2026-10-11,0,98,0%,6.61
https://www.fleafind.ch/de/markt/quartierflohmarkt-matthaeus,0,91,0%,9.55
https://www.fleafind.ch/fr/markt/plainpalais-geneve,0,91,0%,10.48
https://www.fleafind.ch/de/markt/floh-und-antikmarkt-wynecenter-buchs,0,91,0%,17.63
https://www.fleafind.ch/en/markt/letziplunder-flohmarkt-basel/2026-09-19,0,89,0%,6.42
https://www.fleafind.ch/en/markt/marche-aux-puces-plainpalais-geneve-erster-sonntag/2027-08-01,0,88,0%,13.44
https://www.fleafind.ch/en/schweiz/zuerich/saturday,0,86,0%,10.34
https://www.fleafind.ch/en/markt/flohmarkt-gallusplatz-stgallen/2026-08-01,0,83,0%,3.36
https://www.fleafind.ch/en/markt/flohmarkt-uster-stadthausplatz/2026-09-05,0,80,0%,12.78
https://www.fleafind.ch/en/markt/flohmarkt-buerkliplatz-zuerich/2026-09-26,0,79,0%,7.05
https://www.fleafind.ch/de/schweiz/winterthur/sonntag,0,78,0%,31.73
https://www.fleafind.ch/en/markt/flohmarkt-grosse-halle-bern/2026-11-01,0,76,0%,4.41
https://www.fleafind.ch/en/markt/gaenggali-markt-chur/2026-08-01,0,75,0%,7.05
https://www.fleafind.ch/de/maerkte/naechste-woche/chur,0,74,0%,8.22
https://www.fleafind.ch/en/markt/quartierflohmarkt-innerstadt,0,74,0%,21.41
https://www.fleafind.ch/de/markt/gaenggali-markt-chur/2026-10-03,0,73,0%,9.03
https://www.fleafind.ch/fr/schweiz/vevey/samedi,0,73,0%,9.9
https://www.fleafind.ch/de/markt/flohmarkt-uster-stadthausplatz/2026-07-04,0,72,0%,11.26
https://www.fleafind.ch/en/markt/coffre-ouvert-villeneuve,0,71,0%,10.59
https://www.fleafind.ch/en/maerkte/naechste-woche/zuerich,0,70,0%,12.56
https://www.fleafind.ch/en/markt/floh-raritaetenmarkt-europaplatz-bern,0,69,0%,7.72
https://www.fleafind.ch/de/maerkte/heute,0,69,0%,46.16
https://www.fleafind.ch/en/markt/gaenggali-markt-chur,0,64,0%,6.8
https://www.fleafind.ch/fr/markt/brocante-de-carouge-geneve/2026-05-03,0,63,0%,9.41
https://www.fleafind.ch/en/markt/flohmarkt-buerkliplatz-zuerich/2026-09-05,0,62,0%,6.77
https://www.fleafind.ch/en/markt/letziplunder-flohmarkt-basel/2026-06-20,0,62,0%,7.74
https://www.fleafind.ch/de/markt/saeuliaemtler-flohmarkt-affoltern/2026-08-29,0,62,0%,8.52
https://www.fleafind.ch/en/markt/strassenflohmarkt-rafz,0,61,0%,6.61
https://www.fleafind.ch/fr/markt/vide-grenier-lutry,0,61,0%,8.72
https://www.fleafind.ch/de/schweiz/fribourg/samstag,0,60,0%,13.62
https://www.fleafind.ch/en/markt/flohmarkt-petersplatz-basel/2026-09-05,0,59,0%,21.22
https://www.fleafind.ch/en/markt/flohmarkt-petersplatz-basel/2026-09-26,0,57,0%,22.39
https://www.fleafind.ch/en/markt/flohmarkt-petersplatz-basel/2026-07-25,0,56,0%,5.86
https://www.fleafind.ch/de/markt/baden-bazaar,0,56,0%,10.68
https://www.fleafind.ch/en/schweiz/basel/saturday,0,55,0%,13.64
https://www.fleafind.ch/en/markt/flohmarkt-petersplatz-basel/2026-07-18,0,54,0%,5.81
https://www.fleafind.ch/en/schweiz/bern,0,54,0%,6.37
https://www.fleafind.ch/en/markt/flohmarkt-aarau/2026-07-04,0,53,0%,5.36
https://www.fleafind.ch/en/markt/flohmarkt-dampfzentrale-bern,0,53,0%,7.19
https://www.fleafind.ch/en/markt/flohmarkt-petersplatz-basel/2026-06-13,0,51,0%,7.61
https://www.fleafind.ch/de/markt/flohmarkt-winterthur-altstadt/2026-09-12,0,49,0%,10.41
https://www.fleafind.ch/en/markt/flohmarkt-uster-stadthausplatz/2026-06-06,0,49,0%,15.92
https://www.fleafind.ch/de/markt/floh-und-antikmarkt-wynecenter-buchs/2026-08-09,0,49,0%,17.33
https://www.fleafind.ch/de/schweiz/luzern/samstag,0,49,0%,18.06
https://www.fleafind.ch/de/markt/saeuliaemtler-flohmarkt-affoltern/2026-09-26,0,48,0%,11.71
https://www.fleafind.ch/de/markt/kinderflohmarkt-gz-bachwiesen/2026-08-23,0,47,0%,4.85
https://www.fleafind.ch/en/markt/coffre-ouvert-villeneuve/2026-07-11,0,47,0%,5
https://www.fleafind.ch/en/markt/quartierflohmarkt-gellert/2026-09-06,0,47,0%,8.55
https://www.fleafind.ch/en/markt/liesberger-flohmarkt/2026-09-06,0,46,0%,6.52
https://www.fleafind.ch/en/markt/flohmarkt-kanzlei-zuerich/2026-08-08,0,45,0%,6.16
https://www.fleafind.ch/fr/markt/marche-aux-puces-vevey/2027-07-03,0,45,0%,9.13
https://www.fleafind.ch/en/markt/flohmarkt-am-see-wollishofen-zuerich/2026-08-09,0,45,0%,9.4
https://www.fleafind.ch/de/maerkte/heute/thun,0,45,0%,11.78
https://www.fleafind.ch/de/markt/flohmarkt-aarau,0,45,0%,18.6
https://www.fleafind.ch/en/schweiz/lausanne/saturday,0,44,0%,8
https://www.fleafind.ch/en/maerkte/2026-07-04,0,43,0%,5.3
https://www.fleafind.ch/de/markt/marche-aux-puces-fribourg,0,43,0%,8.42
https://www.fleafind.ch/en/markt/floh-und-antiquitaetenmarkt-mellingen/2026-05-17,0,43,0%,8.67
https://www.fleafind.ch/en/markt/flohmarkt-muensterplatz-bern,0,42,0%,6.1
https://www.fleafind.ch/de/markt/floh-und-antiquitaetenmarkt-mellingen/2026-12-04,0,42,0%,7.81
https://www.fleafind.ch/fr/markt/marche-calabash-lausanne/2026-05-03,0,41,0%,6.12
https://www.fleafind.ch/en/markt/nostalgie-flohmarkt-worb-bern/2026-08-09,0,41,0%,6.51
https://www.fleafind.ch/de/markt/flohmarkt-schlieren-herbstmarkt/2026-09-05,0,41,0%,6.63
https://www.fleafind.ch/en/markt/flohmarkt-petersplatz-basel/2026-08-15,0,41,0%,7.05
https://www.fleafind.ch/en/maerkte/naechste-woche,0,41,0%,7.39
https://www.fleafind.ch/fr/schweiz/geneve/samedi,0,41,0%,14.71
https://www.fleafind.ch/en/markt/rosenhof-markt-zuerich/2026-06-27,0,40,0%,5
https://www.fleafind.ch/en/markt/flohmarkt-dampfzentrale-bern/2026-07-26,0,40,0%,5.58
https://www.fleafind.ch/de/markt/flohmarkt-schlieren-herbstmarkt,0,40,0%,7.6
https://www.fleafind.ch/de/markt/gaenggali-markt-chur/2027-11-06,0,40,0%,9.6
https://www.fleafind.ch/de/schweiz/luzern/sonntag,0,40,0%,11.53
https://www.fleafind.ch/en/markt/marche-calabash-lausanne/2026-05-03,0,39,0%,6.23
https://www.fleafind.ch/en/markt/flohmarkt-kanzlei-zuerich/2026-07-11,0,39,0%,6.72
https://www.fleafind.ch/en/markt/flohmarkt-winterthur-altstadt/2026-06-13,0,39,0%,41.9
https://www.fleafind.ch/fr/markt/marches-tunnel-lausanne,0,38,0%,5.47
https://www.fleafind.ch/en/markt/marche-calabash-lausanne,0,37,0%,5.35
https://www.fleafind.ch/en/markt/marche-aux-puces-plainpalais-geneve-erster-sonntag/2026-07-05,0,37,0%,6.84
https://www.fleafind.ch/en/schweiz/vevey/this-weekend,0,37,0%,7.27
https://www.fleafind.ch/de/markt/flohmarkt-rathausplatz-wettingen/2026-05-09,0,37,0%,7.35
https://www.fleafind.ch/de/markt/flohmarkt-kanzlei-zuerich/2026-03-07,0,37,0%,8.27
https://www.fleafind.ch/de/markt/flohmarkt-buerkliplatz-zuerich/2026-08-08,0,37,0%,9.97
https://www.fleafind.ch/fr/markt/kinderflohmarkt-uster/2026-07-11,0,37,0%,10.3
https://www.fleafind.ch/de/maerkte/samedi/winterthur,0,37,0%,45
https://www.fleafind.ch/en/markt/flohmarkt-gallusplatz-stgallen/2026-07-04,0,36,0%,4.56
https://www.fleafind.ch/de/markt/quartierflohmarkt-st-johann/2026-08-08,0,36,0%,7.56
https://www.fleafind.ch/de/markt/flohmarkt-rathausplatz-wettingen/2026-07-11,0,36,0%,8.22
https://www.fleafind.ch/fr/markt/vide-dressing-flon-lausanne/2026-09-05,0,36,0%,8.75
https://www.fleafind.ch/de/markt/progr-vintage-flea-market-bern,0,36,0%,8.92
https://www.fleafind.ch/fr/markt/marche-rumine-lausanne,0,35,0%,5.17
https://www.fleafind.ch/en/schweiz/geneve/sunday,0,35,0%,8.43
https://www.fleafind.ch/en/markt/flohmarkt-petersplatz-basel/2026-05-09,0,35,0%,9
https://www.fleafind.ch/de/maerkte/2026-12-05/chur,0,35,0%,11.11
https://www.fleafind.ch/en/maerkte/2026-11-18/st-gallen,0,34,0%,1.32
https://www.fleafind.ch/en/markt/flohmarkt-dietikon/2026-07-04,0,34,0%,5.35
https://www.fleafind.ch/en/maerkte/2026-07-25/zuerich,0,34,0%,5.65
https://www.fleafind.ch/en/schweiz/lausanne/sunday,0,34,0%,6.15
https://www.fleafind.ch/en/schweiz/lugano/saturday,0,34,0%,7.26
https://www.fleafind.ch/fr/markt/nostalgie-flohmarkt-worb-bern,0,34,0%,7.76
https://www.fleafind.ch/de/markt/quartierflohmarkt-gotthelf-iselin,0,34,0%,12.15
https://www.fleafind.ch/fr/markt/flohmarkt-petersplatz-basel,0,33,0%,7.52
https://www.fleafind.ch/en/markt/flohmarkt-the-stage-liebefeld-bern/2026-09-13,0,33,0%,8.15
https://www.fleafind.ch/it/markt/flohmarkt-buerkliplatz-zuerich,0,33,0%,8.67
https://www.fleafind.ch/en/markt/flohmarkt-barfuesserplatz-basel,0,33,0%,8.82
https://www.fleafind.ch/fr/schweiz/basel/samedi,0,33,0%,11
https://www.fleafind.ch/fr/markt/flohmi-schmittiplatz-pratteln/2026-11-07,0,33,0%,11.3
https://www.fleafind.ch/de/markt/flohmarkt-st-mangen-quartier,0,33,0%,11.85
https://www.fleafind.ch/it/markt/rosenhof-markt-zuerich/2026-11-21,0,32,0%,2.28
https://www.fleafind.ch/en/markt/marche-calabash-lausanne/2026-08-02,0,32,0%,5.69
https://www.fleafind.ch/en/markt/flohmarkt-hofmattplatz-kriens/2026-08-22,0,32,0%,6.78
https://www.fleafind.ch/en/markt/marche-aux-puces-plainpalais-geneve-erster-sonntag/2026-12-06,0,32,0%,7.72
https://www.fleafind.ch/de/markt/liesberger-flohmarkt/2026-09-06,0,32,0%,8.19
https://www.fleafind.ch/de/maerkte/heute/aarau,0,32,0%,36
https://www.fleafind.ch/de/schweiz/winterthur/dieses-wochenende,0,32,0%,53.03
https://www.fleafind.ch/en/maerkte/2026-08-01/basel,0,31,0%,7
https://www.fleafind.ch/de/markt/quartierflohmi-neu-allschwil/2026-09-20,0,31,0%,7.29
https://www.fleafind.ch/en/maerkte/2026-06-02,0,31,0%,7.29
https://www.fleafind.ch/de/markt/night-flohmarkt-kloten/2026-07-04,0,31,0%,8.52
https://www.fleafind.ch/en/schweiz/winterthur/saturday,0,31,0%,11
https://www.fleafind.ch/en/schweiz/chur,0,31,0%,12.16
https://www.fleafind.ch/en/markt/cd-schallplatten-boerse-bern,0,31,0%,17.35
https://www.fleafind.ch/de/markt/strassenflohmarkt-rafz/2026-09-19,0,30,0%,4.07
https://www.fleafind.ch/en/markt/fete-livres-disques-ouchy-lausanne/2026-07-12,0,30,0%,5.13
https://www.fleafind.ch/en/markt/marche-aux-puces-plainpalais-geneve-samstag/2026-05-16,0,30,0%,5.23
https://www.fleafind.ch/de/markt/flohmarkt-lenzburg-metzgplatz/2026-10-17,0,30,0%,7.47
https://www.fleafind.ch/en/markt/rosenhof-markt-zuerich,0,30,0%,8.17
https://www.fleafind.ch/fr/markt/vide-dressing-flon-lausanne/2026-11-07,0,30,0%,8.63
https://www.fleafind.ch/en/markt/quartierflohmarkt-neubad/2026-08-22,0,30,0%,8.87
https://www.fleafind.ch/de/markt/flohmarkt-rathausplatz-wettingen/2026-09-12,0,30,0%,8.93
https://www.fleafind.ch/de/markt/maedelsflohmarkt-xxl-dietikon,0,30,0%,8.93
https://www.fleafind.ch/de/markt/flohmarkt-gallusplatz-stgallen/2026-05-02,0,30,0%,12.13
https://www.fleafind.ch/en/markt/flohmarkt-winterthur-altstadt/2026-09-26,0,30,0%,14.83
https://www.fleafind.ch/fr/markt/fete-livres-disques-ouchy-lausanne/2026-05-17,0,29,0%,2.48
https://www.fleafind.ch/fr/markt/marche-calabash-lausanne/2026-11-01,0,29,0%,3.86
https://www.fleafind.ch/fr/markt/marche-calabash-lausanne/2027-06-06,0,29,0%,6.86
https://www.fleafind.ch/en/markt/floh-und-antiquitaetenmarkt-schadaumaerit-thun,0,29,0%,8.93
https://www.fleafind.ch/de/schweiz/lugano,0,29,0%,9.1
https://www.fleafind.ch/fr/markt/marche-aux-puces-fribourg-cathedrale/2026-09-05,0,29,0%,9.86
https://www.fleafind.ch/de/markt/kinderflohmarkt-gz-bachwiesen/2026-10-18,0,28,0%,4.93
https://www.fleafind.ch/en/markt/marche-aux-puces-plainpalais-geneve-samstag/2026-05-30,0,28,0%,5.32
https://www.fleafind.ch/de/markt/flohmi-bullingerhof-zuerich/2026-07-25,0,28,0%,7.21
https://www.fleafind.ch/en/schweiz/fribourg,0,28,0%,7.29
https://www.fleafind.ch/en/markt/flohmarkt-st-mangen-quartier/2027-08-28,0,28,0%,7.43
https://www.fleafind.ch/en/markt/quartierflohmarkt-lehenmatt/2026-06-28,0,28,0%,7.57
https://www.fleafind.ch/en/markt/quartier-flohmarkt-areal-bach,0,28,0%,8.36
https://www.fleafind.ch/de/markt/flohmarkt-stadtbibliothek-aarau,0,28,0%,11.68
https://www.fleafind.ch/en/markt/flohmarkt-theaterplatz-baden/2026-07-25,0,28,0%,12.11
https://www.fleafind.ch/fr/schweiz/geneve/dimanche,0,28,0%,18.54
https://www.fleafind.ch/en/markt/flohmarkt-kanzlei-zuerich/2026-06-06,0,27,0%,4.41
https://www.fleafind.ch/en/markt/floh-raritaetenmarkt-europaplatz-bern/2026-06-27,0,27,0%,4.85
https://www.fleafind.ch/en/markt/flohmarkt-petersplatz-basel/2026-07-04,0,27,0%,5.67
https://www.fleafind.ch/de/markt/flohmarkt-st-mangen-quartier/2026-05-30,0,27,0%,5.74
https://www.fleafind.ch/en/schweiz/geneve,0,27,0%,6.7
https://www.fleafind.ch/de/markt/quartierflohmarkt-neubad/2026-08-22,0,27,0%,8.19
https://www.fleafind.ch/fr/markt/marche-rumine-lausanne-samedi/2026-08-01,0,27,0%,8.3
https://www.fleafind.ch/de/markt/flohmarkt-uster-stadthausplatz/2027-04-03,0,27,0%,9.63
https://www.fleafind.ch/de/markt/flohmarkt-petersplatz-basel/2026-09-05,0,27,0%,11.63
https://www.fleafind.ch/fr/schweiz/vevey/dimanche,0,27,0%,11.78
https://www.fleafind.ch/en/markt/saeuliaemtler-flohmarkt-affoltern/2026-06-27,0,27,0%,12.33
https://www.fleafind.ch/en/schweiz/schaffhausen/saturday,0,27,0%,12.48
https://www.fleafind.ch/fr/markt/les-puces-du-cpo-lausanne/2026-07-02,0,26,0%,3
https://www.fleafind.ch/en/markt/flohmarkt-barfuesserplatz-basel/2026-07-08,0,26,0%,5.38
https://www.fleafind.ch/en/markt/marche-aux-puces-plainpalais-geneve-samstag/2026-08-15,0,26,0%,6.58
https://www.fleafind.ch/de/markt/quartierflohmarkt-bottmingen/2026-08-23,0,26,0%,7.65
https://www.fleafind.ch/de/maerkte/sabato/fribourg,0,26,0%,9.35
https://www.fleafind.ch/en/markt/flohmarkt-vogesenplatz-basel,0,26,0%,12.12
https://www.fleafind.ch/en/maerkte/naechste-woche/basel,0,26,0%,15.31
https://www.fleafind.ch/fr/schweiz/baden/ce-week-end,0,26,0%,29.62
https://www.fleafind.ch/de/markt/saeuliaemtler-flohmarkt-affoltern/2026-06-27,0,25,0%,5.48
https://www.fleafind.ch/en/markt/flohmi-muttenz,0,25,0%,5.68
https://www.fleafind.ch/en/markt/flohmarkt-dietikon/2026-07-18,0,25,0%,5.88
https://www.fleafind.ch/en/markt/progr-vintage-flea-market-bern,0,25,0%,6.08
https://www.fleafind.ch/de/maerkte/2026-08-01/winterthur,0,25,0%,6.64
https://www.fleafind.ch/en/markt/floh-und-antiquitaetenmarkt-schadaumaerit-thun/2026-09-20,0,25,0%,7.76
https://www.fleafind.ch/de/markt/flohmarkt-grosse-halle-bern/2026-11-01,0,25,0%,8
https://www.fleafind.ch/de/markt/puces-de-nyon/2026-08-30,0,25,0%,8.08
https://www.fleafind.ch/fr/markt/flohmarkt-uster-stadthausplatz/2026-08-01,0,25,0%,10.08
https://www.fleafind.ch/en/markt/nachtflohmarkt-markthalle-basel/2026-09-05,0,25,0%,12.36
https://www.fleafind.ch/en/maerkte/heute/geneve,0,25,0%,21
https://www.fleafind.ch/en/markt/flohmarkt-rathausplatz-wettingen,0,25,0%,25.64
https://www.fleafind.ch/en/markt/quartierflohmarkt-st-johann/2026-08-08,0,24,0%,6.79
https://www.fleafind.ch/en/markt/flohmarkt-petersplatz-basel/2027-01-09,0,24,0%,6.92
https://www.fleafind.ch/de/markt/floh-und-antikmarkt-wynecenter-buchs/2026-07-05,0,24,0%,7.17
https://www.fleafind.ch/fr/markt/puces-de-nyon,0,24,0%,8.67
https://www.fleafind.ch/de/maerkte/heute/nyon,0,24,0%,51.21
https://www.fleafind.ch/de/markt/baden-bazaar/2026-05-10,0,23,0%,6.26
https://www.fleafind.ch/en/markt/floh-und-antikmarkt-wynecenter-buchs,0,23,0%,6.43
https://www.fleafind.ch/fr/maerkte/wochenende/fribourg,0,23,0%,8.43
https://www.fleafind.ch/de/maerkte/dimanche/thun,0,23,0%,10.48
https://www.fleafind.ch/de/schweiz/duebendorf,0,23,0%,12.91
https://www.fleafind.ch/en/markt/flohmarkt-mosergarten-schaffhausen/2026-09-05,0,23,0%,13.74
https://www.fleafind.ch/en/markt/puces-de-nyon/2026-05-31,0,23,0%,22.96
https://www.fleafind.ch/de/markt/flohmarkt-petersplatz-basel/2026-06-13,0,22,0%,6.68
https://www.fleafind.ch/de/markt/flohmarkt-oetwil-am-see/2026-09-26,0,22,0%,7.5
https://www.fleafind.ch/de/markt/flohmarkt-stuecki-basel/2026-09-20,0,22,0%,7.77
https://www.fleafind.ch/en/markt/cozy-sunday-stellwerk-bern,0,22,0%,9.95
https://www.fleafind.ch/en/markt/flohmarkt-zofingen,0,22,0%,13.27
https://www.fleafind.ch/fr/markt/fete-livres-disques-ouchy-lausanne/2026-08-09,0,21,0%,3.71
https://www.fleafind.ch/en/markt/marches-tunnel-lausanne-samedi/2026-08-01,0,21,0%,4.62
https://www.fleafind.ch/en/markt/marche-calabash-lausanne/2026-07-05,0,21,0%,4.76
https://www.fleafind.ch/en/markt/luzerner-flohmarkt-voegeligaertli/2026-05-09,0,21,0%,5.62
https://www.fleafind.ch/en/markt/flohmarkt-petersplatz-basel/2026-05-23,0,21,0%,6.57
https://www.fleafind.ch/de/markt/gaenggali-markt-chur/2026-09-05,0,21,0%,8.43
https://www.fleafind.ch/de/markt/cd-schallplatten-boerse-bern/2027-04-24,0,21,0%,9.67
https://www.fleafind.ch/fr/schweiz/luzern/samedi,0,21,0%,12.57
https://www.fleafind.ch/de/markt/marche-aux-puces-plainpalais-geneve-erster-sonntag/2027-08-01,0,21,0%,34.9
https://www.fleafind.ch/de/maerkte/wochenende/fribourg,0,21,0%,49.95
https://www.fleafind.ch/fr/maerkte/wochenende/baden,0,21,0%,55.62
https://www.fleafind.ch/fr/markt/les-puces-du-cpo-lausanne/2026-07-30,0,20,0%,3.9
https://www.fleafind.ch/de/markt/rosenhof-markt-zuerich/2026-06-06,0,20,0%,4.2
https://www.fleafind.ch/en/markt/marche-calabash-lausanne/2027-06-06,0,20,0%,4.3
https://www.fleafind.ch/de/markt/flohmarkt-kanzlei-zuerich/2026-08-08,0,20,0%,5.45
https://www.fleafind.ch/fr/markt/marche-aux-puces-plainpalais-geneve-samstag/2026-05-16,0,20,0%,5.45
https://www.fleafind.ch/en/schweiz/aarau/sunday,0,20,0%,5.7
https://www.fleafind.ch/en/markt/marche-aux-puces-plainpalais-geneve-samstag/2026-06-13,0,20,0%,6.85
https://www.fleafind.ch/en/schweiz/basel/this-weekend,0,20,0%,7.1
https://www.fleafind.ch/en/markt/flohmarkt-chilbiplatz-duebendorf/2026-09-26,0,20,0%,7.45
https://www.fleafind.ch/de/markt/mercato-antiquariato-maghetti-lugano,0,20,0%,8.8
https://www.fleafind.ch/fr/schweiz/basel/ce-week-end,0,20,0%,9.45
https://www.fleafind.ch/fr/schweiz/geneve,0,20,0%,10.4
https://www.fleafind.ch/de/maerkte/wochenende/lugano,0,20,0%,10.85
https://www.fleafind.ch/de/maerkte/naechste-woche/winterthur,0,20,0%,11.5
https://www.fleafind.ch/en/schweiz/dietikon,0,20,0%,20.15
https://www.fleafind.ch/de/markt/flohmarkt-theaterplatz-baden/2026-08-29,0,20,0%,21.2
https://www.fleafind.ch/fr/maerkte/dimanche/nyon,0,20,0%,23.8
https://www.fleafind.ch/fr/schweiz,0,20,0%,37.35
https://www.fleafind.ch/en/markt/marche-calabash-lausanne/2027-03-07,0,19,0%,4.79
https://www.fleafind.ch/en/markt/mercato-antiquariato-maghetti-lugano/2026-05-30,0,19,0%,5.26
https://www.fleafind.ch/en/schweiz/st-gallen/this-weekend,0,19,0%,5.47
https://www.fleafind.ch/de/markt/quartierflohmarkt-innerstadt,0,19,0%,5.58
https://www.fleafind.ch/en/maerkte/domenica/basel,0,19,0%,6.42
https://www.fleafind.ch/en/markt/marche-calabash-lausanne/2026-11-01,0,19,0%,6.42
https://www.fleafind.ch/en/markt/flohmarkt-petersplatz-basel/2026-08-08,0,19,0%,6.95
https://www.fleafind.ch/en/schweiz/baden/sunday,0,19,0%,7.68
https://www.fleafind.ch/fr/markt/puces-de-nyon/2026-08-30,0,19,0%,17.84
https://www.fleafind.ch/de/maerkte/sonntag/st-gallen,0,19,0%,54.42
https://www.fleafind.ch/en/markt/rosenhof-markt-zuerich/2026-07-18,0,18,0%,6.11
https://www.fleafind.ch/en/markt/flohmarkt-am-see-wollishofen-zuerich/2026-08-02,0,18,0%,6.33
https://www.fleafind.ch/en/markt/marche-aux-puces-plainpalais-geneve-samstag/2026-05-23,0,18,0%,6.33
https://www.fleafind.ch/en/schweiz/lugano/sunday,0,18,0%,6.44
https://www.fleafind.ch/en/markt/marche-aux-puces-plainpalais-geneve-samstag/2026-07-18,0,18,0%,7.17
https://www.fleafind.ch/de/markt/hallenflohmarkt-markthalle-basel/2026-04-11,0,18,0%,7.39
https://www.fleafind.ch/fr/markt/marche-aux-puces-plainpalais-geneve-samstag/2026-06-27,0,18,0%,7.44
https://www.fleafind.ch/en/markt/marche-aux-puces-plainpalais-geneve-samstag/2026-07-11,0,18,0%,7.67
https://www.fleafind.ch/de/markt/vrd-flohmarkt-riehen,0,18,0%,8.33
https://www.fleafind.ch/en/markt/maedelsflohmarkt-xxl-dietikon,0,18,0%,8.5
https://www.fleafind.ch/it/schweiz/zuerich/sabato,0,18,0%,8.56
https://www.fleafind.ch/en/markt/liesberger-flohmarkt/2026-11-15,0,18,0%,8.61
https://www.fleafind.ch/de/schweiz/aarau/samstag,0,18,0%,13.39
https://www.fleafind.ch/en/markt/kinderflohmarkt-gz-hottingen/2026-08-29,0,18,0%,20.06
https://www.fleafind.ch/de/schweiz/fribourg/sonntag,0,18,0%,20.5
https://www.fleafind.ch/fr/markt/flohmarkt-seeplatz-waedenswil,0,18,0%,26.22
https://www.fleafind.ch/en/markt/mercato-antiquariato-maghetti-lugano/2026-06-06,0,17,0%,5.35
https://www.fleafind.ch/de/markt/flohmarkt-st-mangen-quartier/2026-06-27,0,17,0%,6.18
https://www.fleafind.ch/en/markt/marche-calabash-lausanne/2026-06-07,0,17,0%,6.24
https://www.fleafind.ch/en/markt/rosenhof-markt-zuerich/2026-07-04,0,17,0%,6.35
https://www.fleafind.ch/it/schweiz/lugano/questo-fine-settimana,0,17,0%,6.35
https://www.fleafind.ch/en/markt/coffre-ouvert-villeneuve/2026-06-13,0,17,0%,6.41
https://www.fleafind.ch/en/schweiz/fribourg/sunday,0,17,0%,6.65
https://www.fleafind.ch/de/markt/luzerner-flohmarkt-voegeligaertli/2026-08-01,0,17,0%,7
https://www.fleafind.ch/en/schweiz/ruemlang,0,17,0%,7.53
https://www.fleafind.ch/de/maerkte/2026-07-25/st-gallen,0,17,0%,7.82
https://www.fleafind.ch/en/markt/brocante-17-terra-geneve/2026-06-01,0,17,0%,8.06
https://www.fleafind.ch/en/markt/flohmarkt-oetwil-am-see/2026-08-29,0,17,0%,8.12
https://www.fleafind.ch/en/maerkte/wochenende/vevey,0,17,0%,9.94
https://www.fleafind.ch/de/maerkte/2026-05-21,0,17,0%,11.71
https://www.fleafind.ch/en/markt/flohmarkt-adliswil/2026-08-29,0,17,0%,16.53
https://www.fleafind.ch/en/markt/kinderflohmarkt-uster,0,17,0%,24.29
https://www.fleafind.ch/en/schweiz/luzern/saturday,0,17,0%,25.29
https://www.fleafind.ch/en/markt/quartier-flohmarkt-areal-bach/2026-05-10,0,16,0%,3.88
https://www.fleafind.ch/de/markt/flohmi-bullingerhof-zuerich/2026-06-27,0,16,0%,4.38
https://www.fleafind.ch/fr/markt/brocante-de-carouge-geneve/2026-09-06,0,16,0%,4.62
https://fleafind.ch/fr/markt/flohmarkt-buerkliplatz-zuerich/2026-05-30,0,16,0%,5
https://www.fleafind.ch/en/markt/marche-aux-puces-plainpalais-geneve-mittwoch/2026-07-15,0,16,0%,5.81
https://www.fleafind.ch/en/maerkte/2026-07-25/st-gallen,0,16,0%,6.12
https://www.fleafind.ch/en/markt/flohmarkt-vogesenplatz-basel/2026-06-20,0,16,0%,6.25
https://www.fleafind.ch/de/markt/flohmarkt-buerkliplatz-zuerich/2026-08-01,0,16,0%,6.88
https://www.fleafind.ch/en/markt/mercato-antiquariato-maghetti-lugano,0,16,0%,7.12
https://www.fleafind.ch/fr/schweiz/zuerich,0,16,0%,8.69
https://www.fleafind.ch/de/markt/flohmarkt-mosergarten-schaffhausen/2027-04-03,0,16,0%,11.12
https://www.fleafind.ch/de/schweiz/geneve/sonntag,0,16,0%,14.94
https://www.fleafind.ch/en/maerkte/naechste-woche/luzern,0,16,0%,20.19
https://www.fleafind.ch/en/markt/marche-aux-puces-plainpalais-geneve-mittwoch/2026-10-21,0,16,0%,34.5
https://www.fleafind.ch/en/markt/marche-aux-puces-plainpalais-geneve-mittwoch/2026-10-28,0,15,0%,1.87
https://www.fleafind.ch/fr/markt/les-puces-du-cpo-lausanne/2026-07-09,0,15,0%,2.67
https://www.fleafind.ch/de/markt/flohmarkt-gallusplatz-stgallen/2026-09-05,0,15,0%,3.4
https://www.fleafind.ch/en/markt/marche-rumine-lausanne-samedi/2026-11-07,0,15,0%,4.07
https://www.fleafind.ch/en/markt/flohmarkt-buerkliplatz-zuerich/2026-06-13,0,15,0%,4.67
https://www.fleafind.ch/en/markt/mercato-antiquariato-maghetti-lugano/2026-05-09,0,15,0%,5.53
https://www.fleafind.ch/en/markt/floh-raritaetenmarkt-europaplatz-bern/2026-10-24,0,15,0%,6.6
https://www.fleafind.ch/en/markt/vide-grenier-bern-altstadt,0,15,0%,6.6
https://www.fleafind.ch/de/markt/floh-troedlermarkt-winterthur-altstadt/2026-04-25,0,15,0%,7.47
https://www.fleafind.ch/de/markt/flohmarkt-dietikon/2026-10-31,0,15,0%,7.53
https://www.fleafind.ch/en/markt/quartierflohmarkt-breite-st-alban,0,15,0%,7.67
https://www.fleafind.ch/en/markt/quartierflohmarkt-gotthelf-iselin/2026-05-17,0,15,0%,7.67
https://www.fleafind.ch/de/markt/progr-vintage-flea-market-bern/2026-06-20,0,15,0%,7.73
https://www.fleafind.ch/de/markt/strandgut-flohmarkt-neubad-luzern/2026-05-03,0,15,0%,7.73
https://www.fleafind.ch/en/markt/flohmarkt-buerkliplatz-zuerich/2026-10-03,0,15,0%,8
https://www.fleafind.ch/fr/maerkte/saturday/zuerich,0,15,0%,9.13
https://www.fleafind.ch/en/markt/kinderflohmarkt-uster/2026-07-11,0,15,0%,12.6
https://www.fleafind.ch/de/schweiz/chur/sonntag,0,15,0%,18.4
https://www.fleafind.ch/it/markt/puces-de-nyon/2026-09-27,0,15,0%,32.53
https://www.fleafind.ch/fr/markt/les-puces-du-cpo-lausanne/2026-07-16,0,14,0%,1.21
https://www.fleafind.ch/de/markt/progr-vintage-flea-market-bern/2026-05-16,0,14,0%,3.71
https://www.fleafind.ch/en/markt/flohmarkt-dietikon/2026-06-13,0,14,0%,3.86
https://www.fleafind.ch/de/markt/flohmarkt-barfuesserplatz-basel/2026-05-27,0,14,0%,4.5
https://www.fleafind.ch/en/markt/luzerner-flohmarkt-voegeligaertli/2026-06-20,0,14,0%,4.71
https://www.fleafind.ch/en/markt/marche-aux-puces-plainpalais-geneve-erster-sonntag/2026-05-03,0,14,0%,5.29
https://www.fleafind.ch/en/schweiz/aarau/dieses-wochenende,0,14,0%,5.43
https://www.fleafind.ch/en/markt/mercato-antiquariato-maghetti-lugano/2026-06-27,0,14,0%,5.5
https://www.fleafind.ch/de/markt/quartierflohmarkt-klybeck-kleinhueningen/2026-09-13,0,14,0%,5.86
https://www.fleafind.ch/en/markt/flohmarkt-aarau/2026-11-07,0,14,0%,5.86
https://www.fleafind.ch/en/markt/marche-aux-puces-plainpalais-geneve-samstag/2026-05-02,0,14,0%,6.07
https://www.fleafind.ch/de/markt/flohmarkt-petersplatz-basel/2026-07-04,0,14,0%,6.14
https://www.fleafind.ch/de/markt/flohmarkt-petersplatz-basel/2026-07-25,0,14,0%,6.14
https://www.fleafind.ch/en/markt/floh-troedlermarkt-winterthur-altstadt/2026-07-11,0,14,0%,6.14
https://www.fleafind.ch/en/markt/flohmarkt-barfuesserplatz-basel/2026-06-10,0,14,0%,6.71
https://www.fleafind.ch/en/markt/luzerner-flohmarkt-voegeligaertli/2026-08-29,0,14,0%,6.71
https://www.fleafind.ch/fr/markt/marches-tunnel-lausanne-samedi/2027-06-05,0,14,0%,6.86
https://www.fleafind.ch/de/markt/flohmarkt-theaterplatz-baden/2026-06-27,0,14,0%,7.36
https://www.fleafind.ch/en/maerkte/2026-07-07/bern,0,14,0%,7.5
https://www.fleafind.ch/it/schweiz/geneve/sabato,0,14,0%,9.14
https://www.fleafind.ch/en/markt/flohmarkt-dampfzentrale-bern/2026-08-30,0,14,0%,9.43
https://www.fleafind.ch/it/schweiz/lugano/sabato,0,14,0%,10.43
https://www.fleafind.ch/fr/markt/flohmarkt-grosse-halle-bern/2026-05-03,0,14,0%,10.64
https://www.fleafind.ch/en/markt/brocante-de-carouge-geneve/2027-10-03,0,14,0%,14.57
https://www.fleafind.ch/en/markt/flohmarkt-petersplatz-basel/2026-10-03,0,14,0%,25
https://www.fleafind.ch/de/maerkte/samstag/luzern,0,14,0%,29.86
https://www.fleafind.ch/de/maerkte/wochenende/winterthur,0,14,0%,48
https://www.fleafind.ch/fr/markt/fete-livres-disques-ouchy-lausanne/2026-04-12,0,13,0%,1.92
https://www.fleafind.ch/fr/markt/fete-livres-disques-ouchy-lausanne/2026-07-12,0,13,0%,2.69
https://www.fleafind.ch/de/markt/maedelsflohmarkt-tanzwerk-101-zuerich/2026-05-31,0,13,0%,3.08
https://www.fleafind.ch/en/markt/progr-vintage-flea-market-bern/2026-05-16,0,13,0%,5.62
https://www.fleafind.ch/en/markt/flohmarkt-st-mangen-quartier,0,13,0%,6.46
https://www.fleafind.ch/fr/markt/strandgut-flohmarkt-neubad-luzern/2026-05-17,0,13,0%,6.54
https://www.fleafind.ch/en/markt/coffre-ouvert-villeneuve/2026-08-29,0,13,0%,6.85
https://www.fleafind.ch/en/markt/luzerner-flohmarkt-voegeligaertli/2026-10-10,0,13,0%,6.92
https://www.fleafind.ch/en/markt/baden-bazaar/2026-05-10,0,13,0%,7.46
https://www.fleafind.ch/en/maerkte/2026-05-10,0,13,0%,7.92
https://www.fleafind.ch/de/markt/baden-bazaar/2026-06-14,0,13,0%,8.08
https://www.fleafind.ch/fr/markt/flohmarkt-barfuesserplatz-basel,0,13,0%,8.23
https://www.fleafind.ch/fr/schweiz/zuerich/ce-week-end,0,13,0%,9
https://www.fleafind.ch/it/schweiz/fribourg/sabato,0,13,0%,9.54
https://www.fleafind.ch/de/schweiz/nyon/samstag,0,13,0%,11.69
https://www.fleafind.ch/fr/maerkte/wochenende/lausanne,0,13,0%,14.15
https://www.fleafind.ch/it/markt/chilbi-flohmarkt-europaplatz-bern,0,13,0%,16.54
https://www.fleafind.ch/de/markt/floh-und-antikmarkt-wynecenter-buchs/2026-05-03,0,13,0%,18.15
https://www.fleafind.ch/en/schweiz/uster,0,13,0%,20.46
https://www.fleafind.ch/de/schweiz/baden/sonntag,0,13,0%,30.46
https://www.fleafind.ch/fr/maerkte/wochenende/nyon,0,13,0%,44.31
https://www.fleafind.ch/en/markt/flohmarkt-gallusplatz-stgallen/2026-06-06,0,12,0%,3.83
https://www.fleafind.ch/de/markt/flohmarkt-kanzlei-zuerich/2026-06-20,0,12,0%,4.33
https://www.fleafind.ch/en/markt/rosenhof-markt-zuerich/2026-07-11,0,12,0%,4.42
https://www.fleafind.ch/fr/markt/quartierflohmarkt-riehen-grenzacherweg,0,12,0%,4.5
https://www.fleafind.ch/en/maerkte/sunday/lausanne,0,12,0%,5.08
https://www.fleafind.ch/en/markt/flohmarkt-grosse-halle-bern/2026-09-06,0,12,0%,5.42
https://www.fleafind.ch/de/markt/flohmarkt-kanzlei-zuerich/2026-06-27,0,12,0%,5.67
https://www.fleafind.ch/en/markt/quartierflohmarkt-hirzbrunnen,0,12,0%,5.92
https://www.fleafind.ch/de/markt/flosch-schwamendingen-zuerich/2027-11-27,0,12,0%,7
https://www.fleafind.ch/en/markt/floh-raritaetenmarkt-europaplatz-bern/2026-09-26,0,12,0%,7.58
https://www.fleafind.ch/it/markt/hallenflohmarkt-markthalle-basel,0,12,0%,9.08
https://www.fleafind.ch/en/markt/baden-bazaar/2026-12-13,0,12,0%,9.33
https://www.fleafind.ch/en/markt/flohmarkt-theaterplatz-baden/2026-05-16,0,12,0%,9.75
https://www.fleafind.ch/de/markt/flohmarkt-mosergarten-schaffhausen/2027-05-01,0,12,0%,10.58
https://www.fleafind.ch/en/markt/flohmarkt-adliswil/2026-09-26,0,12,0%,11.58
https://www.fleafind.ch/de/markt/floh-und-antikmarkt-wynecenter-buchs/2026-10-04,0,12,0%,13.67
https://www.fleafind.ch/en/schweiz/kloten,0,12,0%,14.33
https://www.fleafind.ch/en/markt/alpin-flohmi-bern,0,12,0%,15.33
https://www.fleafind.ch/fr/markt/kinderflohmarkt-uster,0,12,0%,17.83
https://www.fleafind.ch/en/schweiz/fribourg/this-weekend,0,12,0%,18.08
https://www.fleafind.ch/de/markt/flohmarkt-buerkliplatz-zuerich/2026-09-26,0,12,0%,18.67
https://www.fleafind.ch/fr/markt/quartierflohmarkt-spalen-holbein,0,12,0%,19.75
https://www.fleafind.ch/de/maerkte/sonntag,0,12,0%,21
https://www.fleafind.ch/en/maerkte/saturday/schaffhausen,0,12,0%,23
https://www.fleafind.ch/en/markt/puces-de-nyon/2027-10-31,0,12,0%,40.75
https://www.fleafind.ch/fr/markt/marches-tunnel-lausanne-samedi/2026-05-09,0,11,0%,3.73
https://www.fleafind.ch/en/markt/progr-vintage-flea-market-bern/2026-08-15,0,11,0%,4.36
https://www.fleafind.ch/en/markt/quartier-flohmarkt-areal-bach/2026-05-24,0,11,0%,4.82
https://www.fleafind.ch/en/markt/flohmarkt-grosse-halle-bern/2026-10-04,0,11,0%,5.18
https://www.fleafind.ch/en/markt/marche-calabash-lausanne/2026-12-06,0,11,0%,5.27
https://www.fleafind.ch/en/markt/marche-aux-puces-plainpalais-geneve-samstag/2026-06-06,0,11,0%,5.36
https://www.fleafind.ch/en/markt/brocante-de-rive-nyon/2026-08-29,0,11,0%,6.27
https://www.fleafind.ch/it/markt/marches-tunnel-lausanne,0,11,0%,6.27
https://www.fleafind.ch/de/markt/baden-bazaar/2026-07-12,0,11,0%,6.36
https://www.fleafind.ch/en/markt/floh-und-antikmarkt-wynecenter-buchs/2026-06-07,0,11,0%,6.64
https://www.fleafind.ch/en/markt/marche-aux-puces-plainpalais-geneve-samstag/2026-06-27,0,11,0%,6.64
https://www.fleafind.ch/fr/maerkte/september-2026/geneve,0,11,0%,6.91
https://www.fleafind.ch/de/markt/floh-raritaetenmarkt-europaplatz-bern/2026-06-27,0,11,0%,7
https://www.fleafind.ch/en/markt/strandgut-flohmarkt-neubad-luzern,0,11,0%,7
https://www.fleafind.ch/de/markt/flohmarkt-the-stage-liebefeld-bern/2026-10-11,0,11,0%,7.18
https://www.fleafind.ch/fr/markt/les-puces-du-cpo-lausanne/2026-12-24,0,11,0%,7.27
https://www.fleafind.ch/en/markt/flosch-schwamendingen-zuerich/2026-05-30,0,11,0%,7.36
https://www.fleafind.ch/en/markt/quartierflohmarkt-wettstein/2026-09-19,0,11,0%,7.36
https://www.fleafind.ch/it/markt/vide-grenier-prelaz-valency-lausanne,0,11,0%,7.36
https://www.fleafind.ch/en/markt/floh-und-antiquitaetenmarkt-schadaumaerit-thun/2026-08-16,0,11,0%,7.91
https://www.fleafind.ch/en/markt/hallenflohmarkt-markthalle-basel/2026-04-12,0,11,0%,8
https://www.fleafind.ch/en/markt/marche-aux-puces-plainpalais-geneve-samstag/2026-08-29,0,11,0%,8
https://www.fleafind.ch/en/schweiz/nyon/dieses-wochenende,0,11,0%,8.18
https://www.fleafind.ch/de/markt/strandgut-flohmarkt-neubad-luzern/2026-11-22,0,11,0%,8.55
https://www.fleafind.ch/en/markt/fete-livres-disques-ouchy-lausanne/2026-05-03,0,11,0%,8.73
https://www.fleafind.ch/en/maerkte/naechste-woche/schaffhausen,0,11,0%,8.82
https://www.fleafind.ch/fr/maerkte/juni-2026/vevey,0,11,0%,9.18
https://www.fleafind.ch/en/markt/flohmarkt-buelach-stadthalle/2026-10-03,0,11,0%,10.18
https://www.fleafind.ch/de/maerkte/2026-07-04/bern,0,11,0%,10.55
https://www.fleafind.ch/en/markt/flohmarkt-uster-stadthausplatz/2026-10-03,0,11,0%,14.36
https://www.fleafind.ch/en/schweiz/thun,0,11,0%,20.36
https://www.fleafind.ch/fr/markt/musiker-flohmarkt-zuerich-kronensaal/2026-11-01,0,11,0%,24.18
https://www.fleafind.ch/en/maerkte/wochenende/geneve,0,11,0%,26.64
https://www.fleafind.ch/en/markt/puces-de-nyon/2027-03-28,0,11,0%,30.27
https://www.fleafind.ch/en/markt/les-puces-du-cpo-lausanne/2026-08-20,0,10,0%,4
https://www.fleafind.ch/de/markt/hallenflohmarkt-hoelstein/2027-04-04,0,10,0%,4.2