Top queries,Clicks,Impressions,CTR,Position
flohmarkt luzern 2026,148,944,15.68%,3.18
flohmarkt luzern,130,2967,4.38%,7.07
flohmarkt winterthur 2026,50,1138,4.39%,5.97
winterthur flohmarkt 2026,35,1173,2.98%,6.41
flohmarkt zürich 2026,27,306,8.82%,4.62
flohmarkt mosergarten schaffhausen 2026,23,209,11%,3.61
flohmarkt lausanne,23,136,16.91%,4.76
flohmarkt wettingen,21,622,3.38%,4.99
flea market lausanne,20,66,30.3%,5.82
flohmarkt basel 2026,19,357,5.32%,7.1
flohmarkt schaffhausen,18,295,6.1%,7.97
flohmarkt basel termine,17,477,3.56%,6.53
luzern flohmarkt,17,296,5.74%,6.47
dampfzentrale flohmarkt 2026,16,1175,1.36%,4.51
flohmarkt wettingen 2026,16,802,2%,5.12
nerdyartist,16,38,42.11%,1.87
flohmarkt heute sonntag,15,551,2.72%,9.59
flohmarkt schaffhausen 2026,15,247,6.07%,6.36
vide dressing lausanne,15,161,9.32%,6.07
flohmarkt münsterplatz,15,114,13.16%,4.85
flohmarkt winterthur,14,1425,0.98%,11.19
mosergarten flohmarkt 2026,14,120,11.67%,3.45
lausanne flea market,14,62,22.58%,5.32
winterthur flohmarkt samstag,13,438,2.97%,6.99
flohmarkt 2.8.26,13,44,29.55%,4.09
flohmarkt luzern heute,12,280,4.29%,8.99
flohmarkt 26.7.26,12,61,19.67%,6.9
flohmarkt 5.7.26,12,57,21.05%,2.12
flohmarkt 19.07.26,11,67,16.42%,5.64
winterthur flohmarkt,10,513,1.95%,8.57
flohmarkt bern sonntag,10,128,7.81%,10.54
flohmarkt 2 august,10,47,21.28%,5.64
flohmarkt basel,9,861,1.05%,18.01
flea market zurich,9,513,1.75%,9.92
flohmarkt,9,352,2.56%,21.9
flohmarkt mosergarten schaffhausen,9,137,6.57%,5.86
flohmarkt 19.7.26,9,52,17.31%,4.73
flohmarkt wädenswil 2026,8,706,1.13%,6.53
flohmarkt heute,8,237,3.38%,11.16
flohmarkt basel heute,8,217,3.69%,12.24
flohmarkt 19.07.2026,8,33,24.24%,5.39
flohmarkt zürich,7,318,2.2%,18.59
flohmarkt wettingen termine,7,185,3.78%,6.24
flohmarkt schwamendingen 2026,7,100,7%,4.56
flohmärkte luzern,7,80,8.75%,9.96
1 august flohmarkt,7,26,26.92%,6.42
flohmarkt petersplatz 2026,6,337,1.78%,6.4
termine flohmarkt winterthur,6,317,1.89%,9.09
petersplatz flohmarkt 2026,6,171,3.51%,6.33
münsterplatz flohmarkt,6,38,15.79%,3.82
flohmarkt 02.08.26,6,25,24%,5.4
flohmarkt 14 mai,6,19,31.58%,3.79
mellingen flohmarkt 2026,5,380,1.32%,8.38
flohmarkt winterthur daten 2026,5,164,3.05%,5.82
quartierflohmarkt basel 2026,5,157,3.18%,7.03
flohmarkt sonntag schweiz,5,141,3.55%,15.01
flohmarkt petersplatz basel 2026,5,138,3.62%,5.61
flohmarkt basel petersplatz termine,5,110,4.55%,7.59
flohmarkt heute sonntag bern,5,104,4.81%,9.79
hallenflohmarkt winterthur 2026,5,77,6.49%,7.79
flohmarkt mosergarten,5,75,6.67%,7.44
flohmarkt root 2026,5,67,7.46%,6.69
flohmärkte zürich,5,65,7.69%,16.68
nyon flea market dates,5,53,9.43%,7.66
flohmarkt 23 mai,5,30,16.67%,6.93
flohmarkt 2 august 2026,5,22,22.73%,5.27
flohmarkt 18 juli,5,16,31.25%,2.69
flohmarkt 11 juli,5,10,50%,3.4
flohmarkt petersplatz,4,903,0.44%,10.11
flohmarkt worb 2026,4,399,1%,5.08
flohmarkt st gallen 2026,4,304,1.32%,10.05
flohmarkt zürich bürkliplatz 2026,4,273,1.47%,8.84
flohmarkt termine 2026,4,259,1.54%,7.64
europaplatz flohmarkt,4,218,1.83%,8.17
flohmarkt in der nähe,4,216,1.85%,10.54
coffre ouvert villeneuve,4,214,1.87%,8.13
flohmarkt europaplatz,4,196,2.04%,7.88
wettingen flohmarkt 2026,4,145,2.76%,4.21
flohmarkt winterthur termine 2026,4,126,3.17%,5.33
flohmarkt wettingen rathausplatz,4,102,3.92%,4.07
flohmarkt wollishofen 2026,4,54,7.41%,2.85
flohmarkt schaffhausen mosergarten,4,54,7.41%,6.72
flohmarkt bern 2026,4,52,7.69%,10.94
flohmarkt adliswil 2026,4,48,8.33%,6.62
flohmarkt heute zürich,4,40,10%,13.85
flohmarkt 05.07.26,4,35,11.43%,3.14
flohmarkt 5 juli,4,28,14.29%,4.61
flohmarkt 26 juli,4,20,20%,5.15
flohmarkt 2. august 2026,4,11,36.36%,6.45
flohmarkt 5.7.2026,4,8,50%,2.88
flohmarkt 20 juni 2026,4,8,50%,6.5
flohmarkt 14 mai 2026,4,4,100%,2.25
flohmarkt petersplatz basel,3,497,0.6%,10.38
flohmarkt bürkliplatz 2026,3,414,0.72%,10.9
flohmarkt dampfzentrale 2026,3,314,0.96%,4.82
flohmarkt pratteln,3,290,1.03%,11.14
flohmarkt zürich samstag,3,287,1.05%,11.63
flohmarkt europaplatz bern,3,215,1.4%,8.72
flohmarkt dampfzentrale,3,202,1.49%,9.78
flohmarkt winterthur anmeldung 2026,3,137,2.19%,8.88
flohmarkt chur 2026,3,126,2.38%,6.85
flohmi winterthur 2026,3,117,2.56%,6.16
coffre ouvert villeneuve 2026,3,105,2.86%,4.24
flohmarkt winterthur heute,3,105,2.86%,10.7
flohmarkt gallusplatz,3,94,3.19%,12.07
flohmarkt sonntag,3,87,3.45%,16.03
chilbi bern 2026,3,82,3.66%,7.46
vide dressing lausanne 2026,3,81,3.7%,7.46
flohmarkt heute sonntag schweiz,3,80,3.75%,11.31
flohmarkt bern samstag,3,72,4.17%,11.76
coffre ouvert villeneuve dates 2026,3,70,4.29%,3.79
flohmarkt schweiz 2026,3,63,4.76%,13.71
flohmarkt sonntag zürich,3,60,5%,12.03
schaffhausen flohmarkt 2026,3,55,5.45%,6.87
flohmarkt schaffhausen termine,3,50,6%,8.18
brocante fribourg 2026,3,49,6.12%,6.69
flohmarkt 1 august,3,47,6.38%,6.68
flohmarkt kanton luzern,3,38,7.89%,10.32
flohmarkt bern münsterplatz,3,36,8.33%,5.97
flohmarkt in basel 2026,3,34,8.82%,9.53
flohmarkt 25.7.26,3,28,10.71%,5
flohmarkt 02.08.2026,3,27,11.11%,5.19
flohmarkt 25.07.26,3,26,11.54%,4.38
flohmarkt 25.07.2026,3,21,14.29%,4.95
flohmarkt 2.8.2026,3,14,21.43%,2.71
flohmarkt 7 juni,3,13,23.08%,6.85
flohmarkt 18 juli 2026,3,8,37.5%,3.38
flohmarkt 1. august,3,7,42.86%,6.57
flohmarkt 2.08.26,3,6,50%,3.33
flohmarkt 1.8.2026,3,6,50%,4.17
flohmarkt wädenswil,2,468,0.43%,8.12
vide grenier parc de milan 2026,2,299,0.67%,7.38
flohmarkt termine,2,291,0.69%,9.65
flohmarkt baden - theaterplatz,2,174,1.15%,9.03
flohmarkt petersplatz termine 2026,2,136,1.47%,4.66
flohmarkt luzern vögeligärtli,2,136,1.47%,8.61
flohmarkt uster 2026,2,113,1.77%,11.04
wettingen flohmarkt,2,110,1.82%,5.08
flohmarkt bern,2,110,1.82%,29.59
flohmarkt zürich sonntag,2,99,2.02%,12
flohmarkttermine 2026,2,92,2.17%,10.2
flohmarkt bern heute,2,85,2.35%,13.86
flohmarkt lenzburg 2026,2,84,2.38%,6.85
flohmarkt münsterplatz bern,2,76,2.63%,6.08
worb flohmarkt,2,76,2.63%,6.78
nyon flea market,2,71,2.82%,8.45
flohmärkte basel,2,70,2.86%,25.59
flea market lucerne,2,67,2.99%,9.6
mercatino dell'usato lugano 2026,2,66,3.03%,6.89
flohmarkt in luzern,2,65,3.08%,6.94
vide grenier lausanne flon,2,58,3.45%,7.59
flohmarkt heute sonntag in der nähe,2,57,3.51%,9.51
wann ist flohmarkt in winterthur,2,55,3.64%,7.95
flohmarkt ostschweiz 2026,2,55,3.64%,12.67
floh- und trödlermarkt winterthur,2,50,4%,9.12
flohmarkt heute in der nähe,2,42,4.76%,17.1
flea market switzerland,2,41,4.88%,8.12
flohmarkt dietikon 2026,2,37,5.41%,4.97
basel flohmarkt samstag petersplatz,2,34,5.88%,8.74
wann ist flohmarkt,2,28,7.14%,18.29
sonntag flohmarkt,2,27,7.41%,18.52
flohmarkt 12.7.26,2,25,8%,5.8
markthalle basel flohmarkt 2026,2,22,9.09%,8.55
flohmarkt 20 juni,2,20,10%,8.25
flohmarkt 26.07.26,2,19,10.53%,5.68
vide grenier bern 2026,2,19,10.53%,8.37
flohmarkt 19 juli,2,16,12.5%,5.06
flohmarkt 26.7.2026,2,14,14.29%,3.86
flohmarkt chilbiplatz dübendorf,2,14,14.29%,5.21
flohmarkt 11.7.26,2,13,15.38%,4.23
flohmarkt zofingen 2026,2,12,16.67%,8.92
flohmarkt 19.7.2026,2,10,20%,4.1
flohmarkt 26.07.2026,2,10,20%,8.9
5 juli flohmarkt,2,7,28.57%,3.86
flohmarkt 17 mai,2,7,28.57%,4
2 august flohmarkt,2,7,28.57%,4.57
flohmarkt 28 juni 2026,2,7,28.57%,5.71
flohmarkt 7. juni,2,7,28.57%,7.71
events in geneva today,2,5,40%,1
12 juli flohmarkt,2,5,40%,4.4
flohmarkt 12. juli,2,5,40%,6.4
21 juni flohmarkt,2,4,50%,4.5
flohmi bern,2,4,50%,10.5
petersplatz flohmarkt,1,623,0.16%,11.03
marché aux puces nyon dates 2026,1,593,0.17%,9.76
bürkliplatz flohmarkt 2026,1,447,0.22%,10.2
dampfzentrale flohmarkt,1,269,0.37%,10.15
flohmarkt wollishofen,1,224,0.45%,9.65
flohmarkt mellingen 2026,1,219,0.46%,7.39
flohmarkt worb,1,218,0.46%,7.57
flohmarkt petersplatz öffnungszeiten,1,194,0.52%,10.75
flohmarkt basel sonntag,1,185,0.54%,15.83
flohmarkt baden 2026,1,180,0.56%,11.92
flohmarkt baden termine,1,172,0.58%,11.06
basel flohmarkt petersplatz,1,167,0.6%,10.46
flohmarkt bern europaplatz,1,152,0.66%,9.68
flohmi petersplatz,1,149,0.67%,11.64
flohmarkt vögeligärtli luzern,1,131,0.76%,8.24
brocante carouge 2026,1,124,0.81%,8.45
flohmarkt chur 2026 termine,1,119,0.84%,8.34
flohmarkt neubad luzern daten 2026,1,118,0.85%,9.47
petersplatz basel flohmarkt,1,115,0.87%,12.48
flohmi winterthur,1,109,0.92%,10.3
wädenswil flohmarkt,1,108,0.93%,7.68
dampfzentrale bern flohmarkt,1,107,0.93%,9.87
pratteln flohmarkt 2026,1,106,0.94%,8.94
flohmarkt wettingen heute,1,91,1.1%,6.7
flohmarkt neubad luzern 2026,1,84,1.19%,8.05
flohmarkt am see wollishofen,1,84,1.19%,8.12
vide grenier lausanne 2026,1,82,1.22%,10.26
brocante carouge,1,72,1.39%,11.53
vidmarhallen flohmarkt 2026,1,71,1.41%,7.86
flohmarkt dübendorf 2026,1,71,1.41%,9.08
vide dressing flon,1,70,1.43%,6.34
zürich flohmarkt samstag,1,67,1.49%,11.85
puces de nyon 2026,1,62,1.61%,9.52
flohmarkt st.gallen 2026,1,62,1.61%,10.35
zürich flohmarkt,1,62,1.61%,16.21
zurich flea market sunday,1,60,1.67%,9.83
flohmi basel,1,60,1.67%,10.87
zürich flohmarkt sonntag,1,57,1.75%,13.74
brocante de nyon 2026,1,55,1.82%,10.71
quartier flohmi basel 2026,1,54,1.85%,4.57
flohmi luzern,1,54,1.85%,8.02
marché aux puces vevey 2026,1,52,1.92%,7.4
flohmarkt zürich heute,1,52,1.92%,14.33
nyon brocante 2026,1,51,1.96%,9.2
basel flohmarkt termine,1,48,2.08%,7.38
flohmarkt heute sonntag thun,1,47,2.13%,9.64
flohmarkt bürkliplatz,1,46,2.17%,23.35
dampfzentrale flohmi 2026,1,44,2.27%,4.8
flohmi europaplatz bern,1,44,2.27%,7.45
schaffhausen flohmarkt,1,43,2.33%,10.14
neubad flohmarkt 2026 termine,1,40,2.5%,7.78
vide dressing flon 2026,1,38,2.63%,5.71
neubad flohmarkt 2026,1,38,2.63%,9.84
flea markets in zurich,1,37,2.7%,11.65
flohmarkt baden,1,37,2.7%,18.81
flohmi wettingen,1,35,2.86%,5.23
flohmi worb,1,34,2.94%,5.68
flohmarkt heute sonntag luzern,1,33,3.03%,8.82
petersplatz flohmarkt plan,1,33,3.03%,9.61
brügge flohmarkt 2026,1,33,3.03%,10.55
quartierflohmarkt basel 2026 termine,1,32,3.12%,5.66
flohmarkt samstag,1,32,3.12%,13.72
bern europaplatz flohmarkt,1,30,3.33%,8.17
flohmarkt st gallen gallusplatz,1,30,3.33%,11.67
flohmarkt morgen,1,28,3.57%,19.71
schadau flohmarkt 2026,1,27,3.7%,7.26
ist heute flohmarkt in winterthur,1,27,3.7%,10.3
flohmarkt barfüsserplatz,1,27,3.7%,10.67
flea market zurich sunday,1,26,3.85%,12.46
flohmarkt heute schweiz,1,26,3.85%,23.65
flohmarkt juli 2026,1,25,4%,7.08
flohmarkt dieses wochenende,1,25,4%,8.2
flohmarkt baden theaterplatz,1,25,4%,8.8
flohmarkt 2026,1,25,4%,10.16
bullingerhof flohmarkt,1,24,4.17%,11.79
flohmarkt basel samstag,1,24,4.17%,13.33
coffre ouvert villeneuve inscription,1,23,4.35%,7.09
flomarkt luzern,1,22,4.55%,6.59
flohmarkt juni 2026,1,22,4.55%,8.59
brocante 2 aout 2026,1,21,4.76%,4.43
schallplattenbörse bern 2026,1,21,4.76%,6.95
basel flea market,1,21,4.76%,13.43
flohmarkt kloten,1,21,4.76%,18.43
brocante riponne,1,20,5%,8.3
flohmarkt pratteln schmittiplatz termine,1,20,5%,10
vide grenier lausanne,1,20,5%,30.25
association calabash,1,19,5.26%,6.68
gallusplatz flohmarkt,1,18,5.56%,9.44
strandgut flohmarkt 2026,1,17,5.88%,6.35
flohmarkt bülach stadthalle,1,17,5.88%,10.65
marché coffre ouvert villeneuve,1,16,6.25%,5.62
brocante lausanne riponne,1,16,6.25%,8.56
flosch,1,15,6.67%,5.93
flohmarkt 2026 in der nähe,1,15,6.67%,7.4
villeneuve coffre ouvert,1,15,6.67%,11.2
flohmarkt heute basel,1,15,6.67%,14
flohmarkt zentralschweiz,1,15,6.67%,17.8
flohmarkt 6 juni,1,13,7.69%,5.92
vide grenier milan,1,13,7.69%,7.69
flohmarkt kalender schweiz,1,13,7.69%,16.38
mosergarten flohmarkt,1,12,8.33%,2.92
brocante 5 juillet 2026,1,12,8.33%,5
flohmarkt winterthur samstag,1,12,8.33%,6.08
flohmarkt juli,1,12,8.33%,13.17
vide grenier lausanne aujourd hui,1,12,8.33%,14.17
münster flohmarkt,1,11,9.09%,5.91
flohmarkt 16 mai,1,11,9.09%,10.36
mercatini a lugano,1,11,9.09%,21.18
flohmarkt egelsee 2026,1,10,10%,3.2
flohmarkt 25.7.2026,1,10,10%,5.5
mercatino lugano,1,10,10%,24.6
flohmarkt baselland heute,1,10,10%,27.6
flohmarkt 6. juni,1,9,11.11%,6.89
flohmarkt 18.7 26,1,9,11.11%,8.78
geneva flea market 2026,1,8,12.5%,2.88
flohmarkt 21 juni,1,8,12.5%,4.75
flohmarkt nächstes wochenende,1,8,12.5%,10
flohmarkt 19. juli,1,7,14.29%,3.71
flohmarkt 23. mai,1,7,14.29%,4.14
flohmarkt 2.08.2026,1,7,14.29%,4.43
flohmarkt 12.07.2026,1,7,14.29%,6.57
flohmarkt 4 juli,1,7,14.29%,8
flohmärkte juli 2026,1,7,14.29%,8.57
31 mai flohmarkt,1,7,14.29%,11.29
flohmarkt in der region,1,7,14.29%,14.86
letziplunder,1,7,14.29%,24.14
flohmarkt 11.7.2026,1,6,16.67%,3.83
flohmarkt 19 juli 2026,1,6,16.67%,4
flohmarkt 31 mai in der nähe,1,6,16.67%,5.83
flohmarkt gundeli,1,6,16.67%,6.17
4 juli flohmarkt,1,6,16.67%,6.67
flohmarkt sonntag in der nähe,1,6,16.67%,11.67
flohmarkt in bern,1,6,16.67%,16.83
slow fashion market,1,5,20%,1.4
brocante dimanche 2 aout,1,5,20%,3.8
flohmarkt 5 juli 2026,1,5,20%,4.4
flohmark,1,5,20%,4.8
flohmarkt 27 juni,1,5,20%,5.4
flohmarkt 1 august 2026,1,5,20%,5.8
flohmarkt 24. mai,1,5,20%,6
flohmarkt 14. juni 2026,1,5,20%,6.6
28 juni flohmarkt,1,5,20%,7.8
brocante bern 2026,1,5,20%,7.8
flohmarkt 14.6.2026,1,5,20%,12.8
flohmarkt 2026 schweiz,1,5,20%,31.6
flohmarkt 5.07.26,1,4,25%,2
19 juli flohmarkt,1,4,25%,3.25
flohmarkt 6.6 26,1,4,25%,3.25
flohmarkt im juli 2026,1,4,25%,5.25
flohmarkt 19.juli,1,4,25%,6
flohmarkt 14 juni 2026,1,4,25%,7
20 juni flohmarkt,1,4,25%,7.25
flohmarkt 23 mai 2026,1,4,25%,8.25
flohmarkt 25.07 26,1,4,25%,8.5
breite flohmarkt basel,1,4,25%,10.5
bruderholz flohmarkt 2026,1,4,25%,11.25
mercatino dell'usato lugano,1,4,25%,15.75
lausanne evenement ce week end,1,3,33.33%,1
flohmarkt 5. juli 2026,1,3,33.33%,3
flohmarkt am 19.7.26,1,3,33.33%,3
flohmarkt 14.5,1,3,33.33%,4.67
flohmarkt 19.7,1,3,33.33%,5
schmittiplatz pratteln flohmarkt,1,3,33.33%,5.33
flohmarkt 13.6.2026,1,3,33.33%,6.33
flohmarkt 17 mai 2026,1,3,33.33%,6.67
flohmarkt am 7 juni,1,3,33.33%,7
24 mai flohmarkt,1,3,33.33%,7.33
marché aux puces autour de moi,1,3,33.33%,8.33
flea market com,1,3,33.33%,9
flohmarkt 4.7.2026,1,3,33.33%,10.67
flea markets switzerland,1,3,33.33%,11
flohmarkt 14 juni,1,3,33.33%,11.33
flohmarkt 25.7 26,1,2,50%,1
märkte heute in der nähe,1,2,50%,1
flohmarkt 17. mai,1,2,50%,1.5
flohmarkt 9 august,1,2,50%,1.5
sonntagsflohmärkte,1,2,50%,1.5
flohmarkt 2.august,1,2,50%,2
flohmarkt 14. mai,1,2,50%,2.5
flohmarkt 01.08.26,1,2,50%,3
nerd yard,1,2,50%,4
flohmarkt 26.7,1,2,50%,4.5
flohmarkt 20. juni,1,2,50%,5.5
brocante 7 juin,1,2,50%,6
brocante dimanche 2 août,1,2,50%,6
flohmarkt 5 juli in der nähe,1,2,50%,6
flohmarkt reinach 2026,1,2,50%,7
flohmarkt 12.07.,1,2,50%,7.5
flohmarkt 9.5.26,1,2,50%,8.5
flohmarkt 23.mai,1,2,50%,11
21.06.2026 flohmarkt,1,2,50%,11.5
flohmarkt 9. mai,1,2,50%,12
flohmärit bern,1,2,50%,19.5
26.07.2026 flohmarkt,1,1,100%,1
flea markets this weekend,1,1,100%,1
flohmarkt 18.7.,1,1,100%,1
outdoor flea markets near me today,1,1,100%,1
zurich sunday market,1,1,100%,1
какой график ?,1,1,100%,1
flohmarkt heute 19.07.2026,1,1,100%,2
flohmarkt münster termine 2026,1,1,100%,2
flohmarkt swiss,1,1,100%,2
geneva happenings,1,1,100%,2
à genève,1,1,100%,2
14 mai flohmarkt,1,1,100%,3
brocante samedi 25 juillet 2026,1,1,100%,3
flohmarkt am 26.07.26,1,1,100%,3
flohmi winti,1,1,100%,3
flohmarkt 26.7.,1,1,100%,4
flohmarkt 7.06.2026,1,1,100%,4
mercatini domenica 2 agosto,1,1,100%,4
19.07.2026 flohmarkt,1,1,100%,6
flohmarkt sonntag 19.07.26,1,1,100%,6
14.06.2026 flohmarkt,1,1,100%,9
12.07 26 flohmarkt,1,1,100%,10
flohmarkt 21.06.2026,1,1,100%,10
flohmarkt heute.,1,1,100%,10
wann und wo ist der nächste flohmarkt in der nähe,1,1,100%,16
mercatino delle pulci ticino,1,1,100%,33
flohmarkt basel petersplatz,0,237,0%,10.67
flohmarkt vögeligärtli,0,234,0%,8.85
flea market,0,208,0%,13.3
gundeli flohmarkt 2026,0,181,0%,10.72
brocante nyon 2026,0,174,0%,11.04
vögeligärtli flohmarkt,0,173,0%,8.17
flohmarkt pratteln 2026,0,161,0%,9.06
zurich flea market,0,153,0%,10.52
flohmi dampfzentrale bern,0,152,0%,8.28
dampfzentrale flohmi,0,141,0%,9.54
wädenswil flohmarkt 2026,0,134,0%,6.43
wollishofen flohmarkt,0,133,0%,9.26
brocante lausanne,0,114,0%,34.89
marché aux puces nyon 2026,0,112,0%,10.09
brocante nyon dimanche,0,109,0%,10.8
brocante zurich,0,106,0%,39.73
puces nyon 2026,0,102,0%,9.6
petersplatz flohmarkt basel,0,98,0%,10.7
flohmarkt aarau 2026,0,98,0%,11.49
nostalgie flohmarkt worb,0,96,0%,6.65
flohmarkt bern dampfzentrale,0,96,0%,9.7
flohmarkt schwamendingen,0,92,0%,7.41
gänggelimarkt chur 2026,0,89,0%,5.75
flohmarkt petersplatz plan,0,86,0%,10.52
lucerne flea market,0,82,0%,10.07
marché aux puces lausanne,0,82,0%,13.95
flohmarkt schlieren 2026,0,80,0%,8.96
pratteln flohmarkt,0,80,0%,12.53
basel flohmarkt,0,75,0%,19.4
flohmarkt worb sbb,0,74,0%,7.26
flohmarkt chur,0,73,0%,11.51
flohmarkt bürkliplatz termine,0,70,0%,11.83
brocante nyon,0,68,0%,11.09
vide grenier lutry,0,66,0%,7.39
flohmarkt barfüsserplatz basel,0,66,0%,10.24
lucerne vide grenier,0,66,0%,14.52
brocante lutry 2026,0,65,0%,9.57
coffre ouvert villeneuve date,0,64,0%,7.36
brocante lausanne ce week-end,0,64,0%,9.3
petersplatz flohmi,0,61,0%,11.82
worb flohmarkt 2026,0,60,0%,4.6
flohmarkt luzern sonntag,0,60,0%,9.08
basel petersplatz flohmarkt,0,60,0%,11.23
marché aux puces nyon dates,0,58,0%,11.93
flohmarkt affoltern am albis 2026,0,57,0%,8.77
flohmarkt wetzikon 2026,0,57,0%,11.91
floh- und trödlermarkt winterthur fotos,0,56,0%,10.61
flea market basel,0,56,0%,17.02
petersplatz flohmi basel,0,55,0%,10.58
flohmi petersplatz basel,0,55,0%,11.71
flohmarkt dampfzentrale bern,0,54,0%,8.91
vide grenier place de milan 2026,0,53,0%,6.92
rüti flohmarkt pratteln 2026,0,53,0%,7.49
zentralmarkt bern 2026,0,53,0%,9.92
quartierflohmarkt basel,0,53,0%,11.58
flohmi dampfzentrale,0,52,0%,8.42
flohmarkt st. gallen 2026,0,52,0%,10
st gallen flohmarkt 2026,0,52,0%,10.04
flohmarkt markthalle basel termine,0,52,0%,11.63
markt mellingen 2026,0,51,0%,9.18
flohmi basel petersplatz,0,51,0%,10.2
vögeligärtli luzern flohmarkt,0,50,0%,7.46
quartier flohmarkt basel,0,50,0%,7.5
flohmarkt st gallen,0,50,0%,17.78
flohmi bürkliplatz 2026,0,48,0%,9.9
vide grenier lutry 2026,0,47,0%,5.96
worb sbb flohmarkt,0,45,0%,6.96
vide-grenier lutry 2026,0,44,0%,6.39
flohmarkt bülach 2026,0,44,0%,9.45
flohmarkt kloten 2026,0,44,0%,11.05
flohmarkt kalender,0,44,0%,12.52
flohmarkt schweiz,0,44,0%,45.95
flohmi europaplatz,0,43,0%,7.44
flohmarkt aarau wynecenter,0,43,0%,8.53
brocante carouge dimanche,0,43,0%,10.4
flea markets zurich,0,43,0%,14.35
europaplatz flohmarkt bern,0,42,0%,8.1
floh und trödlermarkt winterthur,0,42,0%,9.71
marché aux puces nyon,0,42,0%,18.14
flohmi wädenswil 2026,0,41,0%,6.05
europaplatz bern flohmarkt,0,40,0%,9.25
dampfzentrale bern flohmi,0,39,0%,9.05
gundeli flohmi 2026,0,39,0%,9.51
flohmarkt uster,0,39,0%,13.44
stadt luzern flohmarkt,0,38,0%,8.58
petersplatz basel,0,38,0%,27.58
flohmarkt adliswil,0,37,0%,6.86
flohmarkt basel barfüsserplatz,0,37,0%,11.35
sonntag flohmarkt zürich,0,37,0%,18.41
wo ist heute flohmarkt,0,37,0%,20.11
marche aux puces,0,37,0%,23.19
vide grenier flon,0,36,0%,8.06
flohmarkt stadt luzern,0,36,0%,8.81
markt wettingen,0,36,0%,10.17
kinderflohmarkt zürich 2026,0,35,0%,7.6
flohmarkt in winterthur,0,35,0%,10.37
flohmarkt termine schweiz,0,35,0%,12.06
flea market in zurich,0,35,0%,12.6
markthalle basel flohmarkt,0,35,0%,19.71
flohmärkte bern,0,35,0%,36.86
petersplatz flomi,0,34,0%,10.35
flohmärkte,0,34,0%,42.97
brocante de carouge 2026,0,33,0%,8.12
kinderflohmarkt uster 2026,0,33,0%,9.82
flohmarkt lugano,0,33,0%,10.76
flohmarkttermine schweiz,0,33,0%,43.73
gängelimarkt chur,0,32,0%,8.56
flomi petersplatz,0,32,0%,10
flohmarkt fribourg,0,32,0%,10.91
flohmarkt europaplatz bern 2026,0,32,0%,11.03
baden flohmarkt 2026,0,32,0%,11.56
flohmarkt schweiz sonntag,0,32,0%,13.38
flohmarkt markthalle basel,0,32,0%,20.47
wo ist am sonntag flohmarkt,0,32,0%,22.47
gz bachwiesen flohmarkt,0,31,0%,6.84
flohmarkt lenzburg,0,31,0%,10.61
flohmarkt liesberg 2026,0,30,0%,6.6
flohmarkt thun schadau 2026,0,30,0%,6.8
flohmarkt kriens 2026,0,30,0%,6.97
flohmarkt winterthur termine,0,30,0%,8
flohmarkt bern heute europaplatz,0,30,0%,10.03
flohmarkt basel markthalle,0,30,0%,17.57
zurich flea market saturday,0,29,0%,9.76
flohmärkte in der nähe,0,29,0%,11.97
quartier flohmi basel,0,28,0%,5.14
2 august 2026 flohmarkt,0,28,0%,6.36
flohmarkt schlieren,0,28,0%,10.64
kloten flohmarkt 2026,0,28,0%,11.18
flohmarkt pratteln termine,0,28,0%,20.07
brocante de carouge,0,27,0%,9.7
marché de nyon dimanche,0,27,0%,9.7
markt winterthur 2026,0,27,0%,11.89
flohmarkt bullingerhof,0,27,0%,14.26
flea market near me,0,27,0%,17.56
flohmarkt rafz,0,26,0%,5.42
flohmarkt bern vidmarhalle,0,26,0%,8.35
brocante geneve 2026,0,26,0%,9.31
vide-grenier carouge 2026,0,26,0%,10.96
flohmarkt zürich bürkliplatz,0,26,0%,17.38
flohmarkt st.gallen,0,26,0%,21.08
markthalle flohmarkt,0,26,0%,21.27
kanzlei flohmarkt,0,26,0%,29.58
flohmi worb sbb,0,25,0%,7.36
wann ist der nächste flohmarkt in winterthur,0,25,0%,8.12
flohmarkt am see,0,25,0%,10.72
flohmarkt termin,0,25,0%,21.48
flohmi wädenswil,0,24,0%,8.29
marché aux puces basel,0,24,0%,9.42
flohmarkt freiburg 2026 termine,0,24,0%,9.46
uster flohmarkt 2026,0,24,0%,10
flohmarkt heute sonntag basel,0,24,0%,12.29
flohmärkte schweiz,0,24,0%,42.71
flohmarkt 7,0,24,0%,49.75
bachwiesen flohmarkt,0,23,0%,5.87
vide grenier place de milan,0,23,0%,6.3
flohmarkt pratteln termine 2026 termine,0,23,0%,7.52
les puces de nyon 2026,0,23,0%,9.96
aarau flohmarkt 2026,0,23,0%,10.61
nachtflohmarkt kloten,0,23,0%,10.74
flohmarkt helvetiaplatz,0,23,0%,20.09
bürkliplatz flohmarkt,0,23,0%,24.65
flea market zurich today,0,22,0%,10.27
petersplatz flea market,0,22,0%,10.55
flohmarkt uster termine,0,22,0%,12.18
flohmarkt 11.07.2026,0,21,0%,6.81
heute flohmarkt,0,21,0%,16.52
helvetiaplatz flohmarkt,0,21,0%,19.43
flea market geneva,0,21,0%,23.62
termine flohmarkt,0,21,0%,24.81
flohmi zürich,0,21,0%,25.62
flohmarktkalender,0,21,0%,28.38
flohmarkt basel schützenmattpark,0,21,0%,31.38
flohmarkt ostschweiz,0,21,0%,33.29
bern chilbi 2026,0,20,0%,9.15
flohmarkt brügge 2026,0,20,0%,9.8
carouge brocante,0,20,0%,10.9
brocante nyon date,0,20,0%,10.95
gänggelimarkt chur,0,20,0%,13.7
fundus flohmarkt root,0,19,0%,8.05
bülach flohmarkt 2026,0,19,0%,10.32
"marché aux puces dimanche près de bâle, suisse",0,19,0%,10.53
flohmarkt st johann,0,19,0%,10.74
flea market zürich,0,19,0%,11.16
flohmarkt baselland 2026,0,19,0%,11.37
flohmarkt bülach,0,19,0%,11.37
quartierflohmi basel 2026,0,19,0%,13.05
nachtflohmarkt basel,0,19,0%,15.79
geneva flea market,0,19,0%,16.16
brocante bern,0,19,0%,26.32
wo ist flohmarkt am sonntag,0,19,0%,30.95
trödelmarkt bern,0,19,0%,35.58
suche flohmarkt,0,19,0%,47.89
vide-dressing lausanne flon,0,18,0%,6.28
flohmarkt landi worb,0,18,0%,6.89
coffre ouvert villeneuve horaire,0,18,0%,7
marché aux puces vevey,0,18,0%,10.67
flea market bern,0,18,0%,10.72
flohmarkt emmenbrücke 2026,0,18,0%,10.83
flohmarkt petersplatz anmeldung,0,18,0%,17.44
märkte luzern,0,18,0%,20.06
marché aux puces,0,18,0%,22.44
flohmarkt kanzlei,0,18,0%,23.56
flohmarkttermine,0,18,0%,24.72
bern flohmarkt,0,18,0%,27.33
flohmarkt ostschweiz heute,0,18,0%,32.39
fleamarket,0,17,0%,7.47
flohmarkt near me,0,17,0%,12.24
flohmarkt sonntag basel,0,17,0%,12.76
heute flohmarkt in der nähe,0,17,0%,14.88
flohmarkt baselland,0,17,0%,26.24
flohmärkte termine,0,17,0%,32.65
coffres ouverts villeneuve,0,16,0%,6.06
the stage flohmarkt,0,16,0%,7.06
vide-grenier lutry,0,16,0%,8
mädelsflohmarkt zürich 2026,0,16,0%,10.44
flohmarkt oetwil am see,0,16,0%,11.56
flohmärkte winterthur,0,16,0%,11.69
flohmarkt heute sonntag zürich,0,16,0%,12.69
kinderflohmarkt zürich,0,16,0%,22.88
baden flohmarkt,0,16,0%,24
flohmarkt schweiz heute,0,16,0%,26
brocante villeneuve 2026,0,15,0%,4.93
flohmarkt pratteln sonntag,0,15,0%,9.4
bullinger flohmarkt,0,15,0%,9.73
barfüsserplatz flohmarkt,0,15,0%,10.13
schlieren flohmarkt,0,15,0%,10.2
petersplatz markt,0,15,0%,10.6
flohmarkt petersplatz heute,0,15,0%,10.87
flohmarkt dietikon,0,15,0%,14.07
mercatini lugano,0,15,0%,16.13
flohmarkt kanton zürich,0,15,0%,16.6
mercatino dell usato lugano,0,15,0%,16.73
flea markets,0,15,0%,16.8
flohmarkt zürich helvetiaplatz,0,15,0%,17.07
neubad flohmarkt,0,15,0%,18.8
hallenflohmarkt basel,0,15,0%,19.67
termine flohmärkte,0,15,0%,27
vide grenier genève ce week end,0,15,0%,33.67
local events this weekend,0,14,0%,1
flohmi am see bern,0,14,0%,5.07
europaplatz flohmi,0,14,0%,8.93
marché aux puces dimanche autour de moi,0,14,0%,8.93
quartierflohmarkt basel heute,0,14,0%,9.86
vide grenier carouge 2026,0,14,0%,10.21
märkte winterthur 2026,0,14,0%,10.86
marche aux puces nyon,0,14,0%,11.79
flohmarkt luzern neubad,0,14,0%,13.5
chur flohmarkt,0,14,0%,14.07
strandgut flohmarkt,0,14,0%,14.07
flohmarkt affoltern am albis,0,14,0%,15.43
flohmarkt in meiner nähe,0,14,0%,27.79
trödelmarkt schweiz,0,14,0%,40.29
geneva now,0,13,0%,2.23
flohmarkt bachwiesen,0,13,0%,5.69
fundus flohmarkt,0,13,0%,6.15
flohmarkt 31 mai,0,13,0%,7
thun flohmarkt 2026,0,13,0%,7.62
breitsch märit 2026,0,13,0%,8.08
nostalgie flohmarkt,0,13,0%,8.54
vide grenier parc de milan,0,13,0%,8.62
trödelmarkt luzern,0,13,0%,8.92
flohmärkte schweiz 2026,0,13,0%,9.54
schadaumärit thun 2026,0,13,0%,9.85
flohmarkt kriens,0,13,0%,9.92
vide grenier place milan 2026,0,13,0%,9.92
flohmarkt liesberg,0,13,0%,14.85
vide grenier bern,0,13,0%,17.69
st mangen flohmarkt,0,13,0%,17.92
basler flohmarkt,0,13,0%,18.31
trödelmarkt zürich,0,13,0%,20.54
bürkliplatz zürich flohmarkt,0,13,0%,20.77
wochenmarkt wettingen,0,13,0%,21.23
flohmi helvetiaplatz,0,13,0%,21.92
flohmarkt zurich,0,13,0%,27.15
trödelmarkt chur,0,13,0%,28.62
flohmarkttermine ch,0,13,0%,32.62
marché aux puces genève,0,13,0%,67
flohmarkt 25 juli,0,12,0%,3.83
vide dressing parc de milan 2026,0,12,0%,4.5
flohmarkt gallusplatz 2026,0,12,0%,5.58
vide grenier parc milan,0,12,0%,5.75
flohmarkt 2. august,0,12,0%,6
vide grenier milan lausanne,0,12,0%,6.25
brocante parc de milan,0,12,0%,8.17
flee market,0,12,0%,8.25
quartierflohmi allschwil,0,12,0%,8.67
brocante genève 2026,0,12,0%,8.92
puce de nyon 2026,0,12,0%,10.25
dietikon flohmarkt,0,12,0%,10.83
wettingen markt,0,12,0%,11.75
flohmarkt zürich morgen,0,12,0%,12.25
flohmarkt dübendorf,0,12,0%,12.75
vidmarhallen flohmarkt,0,12,0%,12.75
flohmarkt morgen in der nähe,0,12,0%,12.92
st johann flohmarkt,0,12,0%,16
quartierflohmi basel,0,12,0%,22.08
flohmarkt bürkliplatz zürich,0,12,0%,22.92
markt st gallen,0,12,0%,29.17
flohmarkttermin,0,12,0%,40.08
fairs,0,11,0%,1
vide grenier place milan,0,11,0%,6.64
vögeligärtli flohmarkt luzern,0,11,0%,6.73
brocante de lutry 2026,0,11,0%,8.73
flohmarkt 28 juni,0,11,0%,9.27
letziplunder 2026,0,11,0%,9.27
flohmi wollishofen,0,11,0%,9.36
flohmarkt wochenende,0,11,0%,11.09
flohmarkt 20.06.2026,0,11,0%,12.82
lugano mercatini,0,11,0%,17.45
schallplattenbörse bern,0,11,0%,18.18
flohmarkt st. gallen,0,11,0%,19
flohmarkt aarau,0,11,0%,23.55
flohmi heute,0,11,0%,23.55
flohmarkt switzerland,0,11,0%,24.18
vide grenier suisse,0,11,0%,27.55
flohmarkt am samstag,0,11,0%,34.27
wann ist wo flohmarkt,0,11,0%,37.45
kinderflohmarkt luzern,0,11,0%,48.64
wann flohmarkt,0,11,0%,49
trödelmarkt flohmarkt,0,11,0%,65.45
flohmarkt 05.07.2026,0,10,0%,4
flohmarkt kanton zürich 2026,0,10,0%,7.3
lutry vide grenier,0,10,0%,7.8
brocante vevey 2026,0,10,0%,9.2
marché aux puces berne,0,10,0%,9.5
vide grenier berne,0,10,0%,9.5
flohmarkt heute sonntag pratteln,0,10,0%,9.8
flohmarkt oetwil am see 2026,0,10,0%,10
flohmarkt theaterplatz baden,0,10,0%,10.1
flohmarkt mellingen,0,10,0%,12.8
flohmarkt basel und umgebung,0,10,0%,18
mädelsflohmarkt zürich,0,10,0%,19.7
termine trödelmärkte,0,10,0%,24.4
flohmarkt in der nähe sonntag,0,10,0%,24.7
wo ist flohmarkt am sonntag in meiner nähe,0,10,0%,30.2
brocante geneve,0,10,0%,43.7
geneva events july 2026,0,9,0%,1.22
vide grenier parc milan 2026,0,9,0%,5
quartier flohmarkt basel 2026,0,9,0%,7.44
brocante ce week end,0,9,0%,8.78
flohmarkt am wochenende,0,9,0%,9
kronenplatz affoltern am albis flohmarkt,0,9,0%,9.33
flohmarkt bruderholz 2026,0,9,0%,9.78
brocante place de milan lausanne,0,9,0%,9.89
marche au puce basel,0,9,0%,10
flohmarkt allschwil 2026,0,9,0%,10.11
flohmarkt gz wollishofen,0,9,0%,10.11
flomarkt winterthur,0,9,0%,10.33
night flohmarkt kloten,0,9,0%,10.44
vevey markt samstag,0,9,0%,10.67
flohmarkt luzern reuss,0,9,0%,10.78
flohmarkt 28.06 26,0,9,0%,11.11
bern flea market,0,9,0%,11.22
flohmarkt zürich bürkliplatz jetzt geöffnet,0,9,0%,11.56
flohmarkt am sonntag,0,9,0%,13.11
flughafen flohmarkt,0,9,0%,13.56
wo ist heute flohmarkt in meiner nähe,0,9,0%,14.11
flohmarkt thun heute,0,9,0%,14.56
liesberg flohmarkt,0,9,0%,14.67
flea market in zurich switzerland,0,9,0%,15.44
helvetiaplatz zürich flohmarkt,0,9,0%,16.11
kinderflohmarkt winterthur,0,9,0%,17.44
mercato lugano,0,9,0%,17.78
kloten flohmarkt,0,9,0%,18
flohmarkt schweiz termine,0,9,0%,19.78
märkte winterthur,0,9,0%,23.11
flohmarkt agenda,0,9,0%,24.33
kanzlei flohmarkt zürich,0,9,0%,24.33
markt baden,0,9,0%,37.44
winterthur markt,0,9,0%,40.33
schweiz flohmarkt,0,9,0%,41.89
flohmarktfreunde,0,9,0%,44.67
eventi zurigo,0,8,0%,3.62
flohmarkt 11.07.26,0,8,0%,4.38
flohmarkt 12 juli,0,8,0%,5.38
brocante 5 juillet,0,8,0%,5.5
flohmarkt egelsee,0,8,0%,6.25
flohmarkt muttenz 2026,0,8,0%,6.5
flohmarkt nyon,0,8,0%,6.5
flohmarkt kalender 2026,0,8,0%,7.25
brocante villeneuve,0,8,0%,8
adliswil flohmarkt,0,8,0%,8.12
flohmarkt bern heute 2026,0,8,0%,8.12
lenzburg flohmarkt,0,8,0%,8.5
quartierflohmarkt,0,8,0%,8.75
flohmi schaffhausen,0,8,0%,9
flohmarkt schaffhausen heute,0,8,0%,9.5
flohmi bern heute,0,8,0%,9.75
flohmarkt 9 mai,0,8,0%,9.88
wbz flohmarkt 2026,0,8,0%,10.12
la belle brocante wettingen,0,8,0%,10.25
flea markets in switzerland,0,8,0%,10.38
flohmarkt luzern anmeldung,0,8,0%,10.5
gz wollishofen flohmarkt,0,8,0%,10.5
gänggalimarkt chur,0,8,0%,10.88
wollishofen markt,0,8,0%,10.88
mercatino delle pulci lugano,0,8,0%,11.62
vide grenier basel,0,8,0%,11.75
flohmarkt vidmarhallen,0,8,0%,12.75
mosergarten schaffhausen,0,8,0%,13
flohmarkt neubad luzern,0,8,0%,13.38
flohmarkt 18.07.2026,0,8,0%,14.62
wann ist der nächste flohmarkt in zürich,0,8,0%,15
flohmarkt genf,0,8,0%,16.12
flohmi pratteln,0,8,0%,16.5
hubis flohmarkt 2026,0,8,0%,17.38
plainpalais flea market,0,8,0%,18.38
flohmarkt bürkliplatz anmeldung,0,8,0%,23.62
baden markt,0,8,0%,23.88
flohmarkt wetzikon,0,8,0%,24.5
flomarkt,0,8,0%,24.5
flohmarkt thun,0,8,0%,25.5
flohmärkte heute,0,8,0%,26.62
flohmarkt st mangen,0,8,0%,28.5
trödelmarkt termine,0,8,0%,29.38
uster flohmarkt,0,8,0%,32.62
nyon brocante,0,8,0%,35.38
flohmarkt buchs,0,8,0%,35.88
flohmaerkte,0,8,0%,41.62
buchs flohmarkt,0,8,0%,44.38
trödelmarkt,0,8,0%,45.12
der flohmarkt,0,8,0%,45.62
flohmarkt aargau,0,8,0%,47.62
hubis flohmarkt,0,8,0%,47.62
zum flohmarkt,0,8,0%,48.5
flohmarktinfo,0,8,0%,49.12
floh und trödelmärkte,0,8,0%,49.62
martinimarkt winterthur,0,8,0%,52.38
flomärkte,0,8,0%,53.88
zwillingsflohmarkt,0,8,0%,72.62
parc de milan vide grenier,0,7,0%,4.14
flohmarkt 26.7 26,0,7,0%,4.71
quartier flohmarkt,0,7,0%,4.86
egelsee flohmarkt,0,7,0%,5.43
flohmarkt 25.7,0,7,0%,5.57
flohmarkt münster,0,7,0%,7.43
vide dressing parc de milan,0,7,0%,7.57
flohmarkt in der nähe heute,0,7,0%,7.86
flohmarkt root,0,7,0%,7.86
marché aux puces dimanche,0,7,0%,8.14
free local events happening this week,0,7,0%,8.29
flohmi bullingerhof,0,7,0%,8.43
flohmarkt 18.07.26,0,7,0%,8.71
brocante riponne lausanne,0,7,0%,9
flohmarkt rüti pratteln,0,7,0%,9
marché berne dimanche,0,7,0%,9
flomi basel,0,7,0%,9.29
flohmarkt pfingsten 2026,0,7,0%,9.57
flohmarkt auf dem dach pratteln,0,7,0%,9.86
flohmarkt heute luzern,0,7,0%,10.14
vide grenier ce week end,0,7,0%,10.29
plainpalais flohmarkt,0,7,0%,10.57
wetzikon flohmarkt 2026,0,7,0%,10.71
marche au puce nyon,0,7,0%,11
basel flohmarkt heute,0,7,0%,11.14
brocante basel,0,7,0%,11.71
basel flohmi,0,7,0%,11.86
flohmarkt reinach bl 2026,0,7,0%,12.43
vide grenier,0,7,0%,13.71
flohmarkt markthalle,0,7,0%,14.29
flohmarkt bürkliplatz heute,0,7,0%,15
flohmarkt neubad,0,7,0%,16.57
wo ist sonntag flohmarkt,0,7,0%,16.57
flohmarktkalender schweiz,0,7,0%,17.14
puces de nyon,0,7,0%,17.43
trödlermarkt,0,7,0%,18.57
zürich flohmarkt bürkliplatz,0,7,0%,19.71
bülach flohmarkt,0,7,0%,19.86
flohmarkt st margrethen,0,7,0%,21.57
flohmarkt daten,0,7,0%,23.14
märkte st gallen,0,7,0%,23.57
st gallen markt,0,7,0%,25.29
flohmarkt; bern,0,7,0%,26.14
flohmarkt in zürich,0,7,0%,26.29
flohmarkt flums,0,7,0%,29.71
vide grenier carouge,0,7,0%,30.14
flohmarkt im umkreis von 20 km,0,7,0%,34.14
basel petersplatz,0,7,0%,34.43
antikmarkt zürich,0,7,0%,35.43
menschen und märkte flohmarkttermine,0,7,0%,35.43
markt winterthur,0,7,0%,35.57
flea market geneva switzerland,0,7,0%,36.86
flohmarkt märkte,0,7,0%,40.71
rüti center pratteln,0,7,0%,41.57
hubis flohmarkt termine,0,7,0%,42.14
aktuelle flohmarkttermine,0,7,0%,43.29
flohmarkt ch,0,7,0%,45.71
flohmarkt trödelmarkt,0,7,0%,51
troedel flohmarkt,0,7,0%,53.71
sonntagsflohmarkt,0,7,0%,59.29
trödeltermine,0,7,0%,60.86
flohmarktführer,0,7,0%,70.43
flohmarktheute,0,6,0%,5.5
26 juli flohmarkt,0,6,0%,5.67
flohmarkt basel heute 2026,0,6,0%,5.67
flohmarkt muttenz,0,6,0%,6.5
letziplunder flohmarkt,0,6,0%,7.5
marché aux puces ce week-end,0,6,0%,8.67
flohmarkt marzili bern,0,6,0%,9.17
flohmarkt thun 2026,0,6,0%,9.17
the stage flohmarkt 2026,0,6,0%,9.33
flohmarkt 2026 termine,0,6,0%,9.83
flomarkt basel,0,6,0%,10
flohmarkt basel pratteln,0,6,0%,10.17
flohmarkt august,0,6,0%,10.33
flohmarkt neubad basel,0,6,0%,11.33
kinderflohmarkt uster,0,6,0%,11.33
brocante du week-end,0,6,0%,11.5
flohmarkt 4.7.26,0,6,0%,11.5
flohmarkt in der nähe von meinem standort,0,6,0%,11.5
flohmarkt in pratteln,0,6,0%,11.5
markt lausanne samstag,0,6,0%,11.5
lugano flohmarkt,0,6,0%,11.67
flohmarkt heute bern,0,6,0%,13.33
market lausanne,0,6,0%,13.5
markt lausanne,0,6,0%,13.83
wetzikon flohmarkt,0,6,0%,14
flohmi markthalle,0,6,0%,14.17
neubad luzern flohmarkt,0,6,0%,14.17
flohmarkt st. mangen,0,6,0%,14.33
sonntags flohmarkt,0,6,0%,14.33
flohmarkt bern morgen,0,6,0%,16.17
flohmarkt region basel,0,6,0%,17
wann ist flohmarkt in der schweiz,0,6,0%,17
coffre ouvert vaud,0,6,0%,19.17
trödlermarkt winterthur,0,6,0%,19.17
flohmarkt in basel,0,6,0%,19.33
petersplatz flohmarkt anmeldung,0,6,0%,19.5
flohmarkt flughafen,0,6,0%,21
wo flohmarkt heute,0,6,0%,21.17
kanzlei flea market,0,6,0%,22.67
brocante schweiz kalender,0,6,0%,22.83
wo ist flohmarkt,0,6,0%,25.83
vide grenier vaud ce week-end,0,6,0%,27.17
vide grenier genève ce week-end,0,6,0%,27.33
jahrmarkt baden,0,6,0%,31.67
flohmarkt wynecenter,0,6,0%,33.33
antikmarkt schweiz,0,6,0%,34.33
flohmarkt anzeigen,0,6,0%,46.67
wo ist heute ein flohmarkt,0,6,0%,48
flohmarkt.ch,0,6,0%,69.17
geneva events this week,0,5,0%,1
événement lausanne ce week-end,0,5,0%,1
1205 geneva,0,5,0%,1.2
19.7.26 flohmarkt,0,5,0%,2.4
#fairs,0,5,0%,3.4
flohmarkt 19.7.,0,5,0%,4.2
brocante 2 aout,0,5,0%,4.4
flohmarkt 5. juli,0,5,0%,4.6
floh markt,0,5,0%,4.8
flohmarkt 11 juli 2026,0,5,0%,4.8
flohmarkt gz bachwiesen,0,5,0%,4.8
flohmi am see,0,5,0%,5.6
02.08.2026 flohmarkt,0,5,0%,6.4
flohmarttermine,0,5,0%,6.6
mercatini lugano 2026,0,5,0%,6.6
flohmärkte 2026,0,5,0%,6.8
flohmarkt termine ch,0,5,0%,7.4
flomi winterthur,0,5,0%,7.8
flohmarkt 24 mai,0,5,0%,8
flohmarkt bottmingen,0,5,0%,8.4
flohmarkt 6.6,0,5,0%,8.6
flohmarkt bülach termine,0,5,0%,8.8
night flohmarkt,0,5,0%,8.8
flea markt,0,5,0%,9
fleamarket zurich,0,5,0%,9.2
flohmarkt rümlang 2026,0,5,0%,9.2
brocante near me,0,5,0%,9.6
flohmarkt neubad 2026,0,5,0%,9.6
petersplatz flea market basel,0,5,0%,9.6
switzerland flea market,0,5,0%,10.2
flohmarkt breite basel,0,5,0%,10.4
marché lugano samedi,0,5,0%,10.4
stadt zürich flohmarkt,0,5,0%,10.4
dampfzentrale markt,0,5,0%,10.6
flohmarkt 12.07.26,0,5,0%,11.2
flughafen flohmarkt 2026,0,5,0%,11.2
flohmarkt am sonntag in der nähe,0,5,0%,11.4
flohmarkt august 2026,0,5,0%,11.4
brocante lugano,0,5,0%,11.6
marché lutry samedi horaire,0,5,0%,11.6
flohmarkt st johann basel,0,5,0%,11.8
lausanne market,0,5,0%,12.4
flohmarkt pratteln heute,0,5,0%,12.6
gz flohmarkt,0,5,0%,12.6
rüti flohmarkt,0,5,0%,12.6
marché lausanne dimanche,0,5,0%,13
flohmarkt baden baden,0,5,0%,13.8
rosenhof markt,0,5,0%,13.8
flohmarkt baden schweiz,0,5,0%,14
marche au puce,0,5,0%,14.2
stadthalle bülach flohmarkt,0,5,0%,14.4
flohmarkt 21.6.26,0,5,0%,14.6
vogesenplatz,0,5,0%,15.2
baden bazaar,0,5,0%,15.8
markt schwamendingen,0,5,0%,17.2
samstag flohmarkt,0,5,0%,17.4
flohmarkt bürkliplatz öffnungszeiten,0,5,0%,17.8