Top pages,Impressions
https://fynda.market/de/schweiz/zurich/,34
https://fynda.market/de/schweiz/kanton/basel-landschaft/,19
https://fynda.market/de/schweiz/pratteln/,13
https://fynda.market/de/schweiz/kanton/st-gallen/,12
https://fynda.market/de/schweiz/schaffhausen/,11
https://fynda.market/de/schweiz/bern/,10
https://fynda.market/de/schweiz/kanton/zurich/,10
https://fynda.market/de/schweiz/thun/,10
https://fynda.market/fr/suisse/geneve/,10
https://fynda.market/de/schweiz/basel/,9
https://fynda.market/de/markt/flohmarkt-stuecki-basel/,7
https://fynda.market/de/markt/flohmi-am-see-bern/,7
https://fynda.market/de/markt/floh-und-antiquitaetenmarkt-schadaumaerit-thun/,6
https://fynda.market/de/schweiz/hoelstein/,5
https://fynda.market/de/schweiz/kanton/solothurn/,5
https://fynda.market/fr/suisse/canton/fribourg/,5
https://fynda.market/fr/suisse/lausanne/,5
https://fynda.market/de/markt/kinderflohmarkt-gz-bachwiesen/,4
https://fynda.market/de/schweiz/luzern/,4
https://fynda.market/en/market/flohmarkt-the-stage-liebefeld-bern/,4
https://fynda.market/en/switzerland/bern/,4
https://fynda.market/fr/suisse/fribourg/,4
https://fynda.market/de/markt/flohmarkt-kanzlei-zuerich/,3
https://fynda.market/de/markt/flohmarkt-muensterplatz-bern/,3
https://fynda.market/de/markt/kinderflohmarkt-gz-heuried/,3
https://fynda.market/de/markt/luzerner-flohmarkt-voegeligaertli/,3
https://fynda.market/de/markt/quartierflohmi-neu-allschwil/,3
https://fynda.market/de/schweiz/dietikon/,3
https://fynda.market/de/schweiz/st-gallen/,3
https://fynda.market/en/market/floh-und-antiquitaetenmarkt-schadaumaerit-thun/,3
https://fynda.market/en/switzerland/allschwil/,3
https://fynda.market/en/switzerland/lausanne/,3
https://fynda.market/de/markt/flohmarkt-gz-hirzenbach/,2
https://fynda.market/de/markt/flohmarkt-winterthur-altstadt/,2
https://fynda.market/de/markt/rosenhof-markt-zuerich/,2
https://fynda.market/de/markt/vrd-flohmarkt-riehen/,2
https://fynda.market/de/schweiz/duebendorf/,2
https://fynda.market/de/schweiz/riehen/,2
https://fynda.market/de/schweiz/schlieren/,2
https://fynda.market/de/schweiz/worb/,2
https://fynda.market/en/,2
https://fynda.market/en/market/quartierflohmi-neu-allschwil/,2
https://fynda.market/en/switzerland/adliswil/,2
https://fynda.market/fr/marche/coffre-ouvert-villeneuve/,2
https://fynda.market/fr/marche/flohmarkt-buerkliplatz-zuerich/,2
https://fynda.market/fr/suisse/bern/,2
https://fynda.market/it/mercato/flohmarkt-kanzlei-zuerich/,2
https://fynda.market/it/svizzera/fribourg/,2
https://fynda.market/,1
https://fynda.market/de/markt/alpin-flohmi-yverdon-les-bains/,1
https://fynda.market/de/markt/flohmarkt-gallusplatz-stgallen/,1
https://fynda.market/de/markt/flohmarkt-mosergarten-schaffhausen/,1
https://fynda.market/de/markt/flohmarkt-petersplatz-basel/,1
https://fynda.market/de/markt/flohmarkt-stucki-basel/,1
https://fynda.market/de/markt/flohmi-bullingerhof-zuerich/,1
https://fynda.market/de/markt/kids-store-flohmarkt-beromuenster/,1
https://fynda.market/de/markt/ladies-flohmarkt-fundus-root/,1
https://fynda.market/de/markt/mercato-antiquariato-maghetti-lugano/,1
https://fynda.market/de/markt/progr-vintage-flea-market-bern/,1
https://fynda.market/de/markt/quartier-flohmarkt-areal-bach/,1
https://fynda.market/de/markt/quartierflohmarkt-hirzbrunnen/,1
https://fynda.market/de/schweiz/chur/,1
https://fynda.market/de/schweiz/kanton/aargau/,1
https://fynda.market/de/schweiz/kanton/basel-stadt/,1
https://fynda.market/de/schweiz/kanton/bern/,1
https://fynda.market/de/schweiz/kanton/ticino/,1
https://fynda.market/de/schweiz/subingen/,1
https://fynda.market/de/schweiz/zofingen/,1
https://fynda.market/en/market/flohmarkt-petersplatz-basel/,1
https://fynda.market/en/market/marche-aux-puces-plainpalais-geneve-samstag/,1
https://fynda.market/en/market/rosenhof-markt-zuerich/,1
https://fynda.market/en/market/vide-dressing-flon-lausanne/,1
https://fynda.market/en/switzerland/affoltern-am-albis/,1
https://fynda.market/en/switzerland/baden/,1
https://fynda.market/en/switzerland/basel/,1
https://fynda.market/en/switzerland/canton/st-gallen/,1
https://fynda.market/en/switzerland/canton/zurich/,1
https://fynda.market/en/switzerland/dietikon/,1
https://fynda.market/en/switzerland/kloten/,1
https://fynda.market/en/switzerland/lenzburg/,1
https://fynda.market/en/switzerland/luzern/,1
https://fynda.market/en/switzerland/paradiso/,1
https://fynda.market/en/switzerland/pratteln/,1
https://fynda.market/en/switzerland/st-gallen/,1
https://fynda.market/en/switzerland/vevey/,1
https://fynda.market/en/switzerland/waedenswil/,1
https://fynda.market/en/switzerland/winterthur/,1
https://fynda.market/en/switzerland/worb/,1
https://fynda.market/en/switzerland/zurich/,1
https://fynda.market/fr/marche/flohmarkt-barfuesserplatz-basel/,1
https://fynda.market/fr/marche/flohmarkt-lenzburg-metzgplatz/,1
https://fynda.market/fr/marche/luzerner-flohmarkt-voegeligaertli/,1
https://fynda.market/fr/marche/marche-aux-puces-vevey/,1
https://fynda.market/fr/marche/marche-rumine-lausanne-samedi/,1
https://fynda.market/fr/suisse/bulle/,1
https://fynda.market/fr/suisse/canton/luzern/,1
https://fynda.market/fr/suisse/schaffhausen/,1
https://fynda.market/fr/suisse/villeneuve/,1
https://fynda.market/fr/suisse/waedenswil/,1
https://fynda.market/it/mercato/quartier-flohmarkt-areal-bach/,1
https://fynda.market/it/svizzera/cantone/bern/,1